run,best
0,1.71545
0,1.71545
0,0.456644
0,0.456644
0,0.358948
0,0.358948
0,0.166656
0,0.166656
0,0.166656
0,0.166656
0,0.11158
0,0.11158
0,0.11158
0,0.104786
0,0.104786
0,0.104786
0,0.104786
0,0.0656035
0,0.0643634
0,0.0643634
0,0.0325023
0,0.0325023
0,0.0325023
0,0.0325023
0,0.0149383
0,0.0149383
0,0.00776953
0,0.00776953
0,0.00724969
0,0.00724969
0,0.00724969
0,0.00405796
0,0.00381077
0,0.00381077
0,0.00260845
0,0.00260845
0,0.00260845
0,0.00203273
0,0.00160364
0,0.000529748
0,0.000529748
0,0.000529748
0,0.000529748
0,0.000529748
0,0.000529748
0,0.000529748
0,0.000529748
0,0.000529748
0,0.000479437
0,0.000479437
0,0.000444018
0,0.000206792
0,0.000195674
0,0.000195674
0,6.11747e-05
0,6.11747e-05
0,6.11747e-05
0,4.95021e-05
0,3.35475e-05
0,3.35475e-05
0,3.35475e-05
0,2.9114e-05
0,9.3525e-06
0,9.3525e-06
0,9.3525e-06
0,6.84167e-06
0,6.84167e-06
0,6.84167e-06
0,6.84167e-06
0,6.39933e-06
0,6.07997e-06
0,3.22811e-06
0,3.15793e-06
0,3.03523e-06
0,1.25638e-06
0,1.25638e-06
0,1.25638e-06
0,1.25638e-06
0,1.25638e-06
0,1.25638e-06
0,1.25638e-06
0,1.25638e-06
0,1.15451e-06
0,1.15451e-06
0,8.94251e-07
0,1.98176e-07
0,1.98176e-07
0,1.98176e-07
0,1.98176e-07
0,1.98176e-07
0,1.98176e-07
0,1.98176e-07
0,1.58911e-07
0,1.13826e-07
0,1.13826e-07
0,1.13826e-07
0,1.01338e-07
0,1.01338e-07
0,9.38581e-08
0,6.49702e-08
0,4.51464e-08
0,4.51464e-08
0,2.60903e-08
0,2.48209e-08
0,9.32538e-09
0,9.32538e-09
0,5.44926e-09
0,5.44926e-09
0,4.7901e-09
0,4.7901e-09
0,3.12569e-09
0,3.07733e-09
0,2.45842e-09
0,7.14573e-10
0,7.14573e-10
0,4.20584e-10
0,4.20584e-10
0,3.76911e-10
0,3.29148e-10
0,3.29148e-10
0,3.29083e-10
0,1.1933e-10
0,1.1933e-10
0,6.44873e-11
0,6.44873e-11
0,6.44873e-11
0,6.44873e-11
0,6.44873e-11
0,6.44873e-11
0,6.44873e-11
0,4.72334e-11
0,4.72334e-11
0,3.03208e-11
0,2.08712e-11
0,2.08712e-11
0,9.94582e-12
0,9.94582e-12
0,9.94582e-12
0,9.94582e-12
0,9.94582e-12
0,9.94582e-12
0,9.94582e-12
0,9.94582e-12
0,5.25843e-12
0,3.46486e-12
0,2.78306e-12
0,2.4711e-12
0,1.98301e-12
0,1.4258e-12
0,1.4258e-12
0,1.28953e-12
0,1.19232e-12
0,1.05306e-12
0,8.91938e-13
0,8.30798e-13
0,3.84835e-13
0,2.93488e-13
0,2.93488e-13
0,1.80925e-13
0,1.80925e-13
0,1.39892e-13
0,9.65731e-14
0,2.4564e-14
0,2.4564e-14
0,2.4564e-14
0,2.4564e-14
0,2.4564e-14
0,2.12535e-14
0,1.98274e-14
0,5.10604e-15
0,5.10604e-15
0,5.10604e-15
0,2.06277e-15
0,2.06277e-15
0,1.90315e-15
0,1.90315e-15
0,1.81761e-15
0,1.81761e-15
0,1.81761e-15
0,1.81761e-15
0,1.81761e-15
0,1.34448e-15
0,8.0581e-16
0,3.90839e-16
0,3.72443e-16
0,1.40535e-16
0,1.40535e-16
0,1.40535e-16
0,1.21595e-16
0,6.48701e-17
0,6.48701e-17
0,6.48701e-17
0,6.48701e-17
0,6.48701e-17
0,6.48701e-17
0,6.48701e-17
0,6.48701e-17
0,6.48701e-17
0,4.36109e-17
0,3.91595e-17
0,2.17228e-17
0,2.17228e-17
0,2.17228e-17
0,1.22148e-17
0,6.80327e-18
0,6.80327e-18
0,6.80327e-18
0,6.80327e-18
0,6.80327e-18
0,6.80327e-18
0,6.80327e-18
0,6.80327e-18
0,2.59497e-18
0,2.59497e-18
0,2.59497e-18
0,2.59497e-18
0,2.59497e-18
0,2.26226e-18
0,2.22927e-18
0,2.22927e-18
0,1.2714e-18
0,9.78906e-19
0,9.78906e-19
0,6.22125e-19
0,6.22125e-19
0,6.17902e-19
0,5.96442e-19
0,5.84936e-19
0,2.24409e-19
0,2.24409e-19
0,1.85802e-19
0,5.86952e-20
0,5.86952e-20
0,5.86952e-20
0,5.86952e-20
0,5.86952e-20
0,5.86952e-20
0,5.86952e-20
0,5.86952e-20
0,5.61219e-20
0,2.09624e-20
0,2.09624e-20
0,2.09624e-20
0,8.12806e-21
0,8.12806e-21
0,8.12806e-21
0,6.38747e-21
0,6.38747e-21
0,6.30826e-21
0,5.92156e-21
0,3.40565e-21
0,2.44449e-21
0,2.44449e-21
0,2.25884e-21
0,1.53833e-21
0,1.53833e-21
0,1.53833e-21
0,8.64697e-22
0,3.55527e-22
0,2.25313e-22
0,2.25313e-22
0,2.25313e-22
0,1.52043e-22
0,1.52043e-22
0,1.52043e-22
0,1.52043e-22
0,1.32233e-22
0,1.32233e-22
0,8.12827e-23
0,1.90186e-23
0,1.90186e-23
0,1.90186e-23
0,1.90186e-23
0,1.90186e-23
0,1.90186e-23
0,1.74405e-23
0,1.74405e-23
0,1.27539e-23
0,1.21693e-23
0,1.21693e-23
0,5.10323e-24
0,5.10323e-24
0,5.10323e-24
0,2.91132e-24
0,2.91132e-24
0,2.49379e-24
0,2.32846e-24
0,1.32527e-24
0,1.32527e-24
0,1.24155e-24
0,1.24155e-24
0,1.17492e-24
0,1.1327e-24
0,1.12463e-24
0,1.12463e-24
0,2.35951e-25
0,2.35951e-25
0,1.95398e-25
0,1.95398e-25
0,1.45739e-25
0,1.45739e-25
0,1.21597e-25
0,1.21597e-25
0,8.46723e-26
0,5.49105e-26
0,3.55701e-26
0,3.55701e-26
0,3.06494e-26
0,1.18589e-26
0,1.18589e-26
0,1.18589e-26
0,8.38201e-27
0,8.38201e-27
0,8.38201e-27
0,7.45284e-27
0,2.27749e-27
0,2.27749e-27
0,2.0748e-27
0,1.31345e-27
0,1.31345e-27
0,1.31345e-27
0,1.31345e-27
0,1.29341e-27
0,2.60251e-28
0,2.60251e-28
0,1.62238e-28
0,1.62238e-28
0,1.58907e-28
0,1.58907e-28
0,1.58907e-28
0,1.58907e-28
0,1.58907e-28
0,1.05737e-28
0,1.05737e-28
0,4.26011e-29
0,1.63479e-29
0,5.33131e-30
0,5.33131e-30
0,5.33131e-30
0,3.99115e-30
0,3.99115e-30
0,3.99115e-30
0,3.99115e-30
0,2.04441e-30
0,2.04441e-30
0,2.04441e-30
0,2.04441e-30
0,2.04441e-30
0,1.60068e-30
0,1.60068e-30
0,1.60068e-30
0,1.60068e-30
0,1.25555e-30
0,9.186e-31
0,9.186e-31
0,9.186e-31
0,9.186e-31
0,1.49976e-32
0,1.49976e-32
0,1.49976e-32
0,1.49976e-32
0,1.49976e-32
0,1.49976e-32
0,1.49976e-32
0,1.49976e-32
0,1.49976e-32
0,1.49976e-32
0,1.49976e-32
0,1.49976e-32
0,1.49976e-32
0,1.49976e-32
0,1.49976e-32
0,1.49976e-32
0,1.49976e-32
0,1.49976e-32
0,1.49976e-32
0,1.49976e-32
0,1.49976e-32
0,1.49976e-32
0,1.49976e-32
0,1.49976e-32
0,1.49976e-32
0,1.49976e-32
0,1.49976e-32
0,1.49976e-32
0,1.49976e-32
0,1.49976e-32
0,1.49976e-32
0,1.49976e-32
0,1.49976e-32
0,1.49976e-32
0,1.49976e-32
0,1.49976e-32
0,1.49976e-32
0,1.49976e-32
0,1.49976e-32
0,1.49976e-32
0,1.49976e-32
0,1.49976e-32
0,1.49976e-32
0,1.49976e-32
0,1.49976e-32
0,1.49976e-32
0,1.49976e-32
0,1.49976e-32
0,1.49976e-32
0,1.49976e-32
0,1.49976e-32
0,1.49976e-32
0,1.49976e-32
0,1.49976e-32
0,1.49976e-32
0,1.49976e-32
0,1.49976e-32
0,1.49976e-32
0,1.49976e-32
0,1.49976e-32
0,1.49976e-32
0,1.49976e-32
0,1.49976e-32
0,1.49976e-32
0,1.49976e-32
0,1.49976e-32
0,1.49976e-32
0,1.49976e-32
0,1.49976e-32
0,1.49976e-32
0,1.49976e-32
0,1.49976e-32
0,1.49976e-32
0,1.49976e-32
0,1.49976e-32
0,1.49976e-32
0,1.49976e-32
0,1.49976e-32
0,1.49976e-32
0,1.49976e-32
0,1.49976e-32
0,1.49976e-32
0,1.49976e-32
0,1.49976e-32
0,1.49976e-32
0,1.49976e-32
0,1.49976e-32
0,1.49976e-32
0,1.49976e-32
0,1.49976e-32
0,1.49976e-32
0,1.49976e-32
0,1.49976e-32
0,1.49976e-32
0,1.49976e-32
0,1.49976e-32
0,1.49976e-32
0,1.49976e-32
0,1.49976e-32
0,1.49976e-32
0,1.49976e-32
0,1.49976e-32
0,1.49976e-32
0,1.49976e-32
0,1.49976e-32
0,1.49976e-32
0,1.49976e-32
0,1.49976e-32
0,1.49976e-32
0,1.49976e-32
0,1.49976e-32
0,1.49976e-32
0,1.49976e-32
0,1.49976e-32
0,1.49976e-32
0,1.49976e-32
0,1.49976e-32
0,1.49976e-32
0,1.49976e-32
0,1.49976e-32
0,1.49976e-32
0,1.49976e-32
0,1.49976e-32
0,1.49976e-32
0,1.49976e-32
0,1.49976e-32
0,1.49976e-32
0,1.49976e-32
0,1.49976e-32
0,1.49976e-32
0,1.49976e-32
0,1.49976e-32
0,1.49976e-32
0,1.49976e-32
0,1.49976e-32
0,1.49976e-32
0,1.49976e-32
0,1.49976e-32
0,1.49976e-32
0,1.49976e-32
0,1.49976e-32
0,1.49976e-32
0,1.49976e-32
1,1.46857
1,0.768517
1,0.768517
1,0.768517
1,0.336564
1,0.336564
1,0.174209
1,0.174209
1,0.0823516
1,0.0758618
1,0.0758618
1,0.0758618
1,0.074411
1,0.074411
1,0.0275766
1,0.0275766
1,0.0275766
1,0.0142046
1,0.0142046
1,0.0142046
1,0.0142046
1,0.0133249
1,0.007216
1,0.00512603
1,0.00480356
1,0.00397116
1,0.00370704
1,0.00370704
1,0.0035785
1,0.0035785
1,0.0035785
1,0.0035785
1,0.0035785
1,0.0032903
1,0.0032903
1,0.0032903
1,0.0032903
1,0.00102912
1,0.00102912
1,0.00102912
1,0.000740075
1,0.000740075
1,0.000740075
1,0.000740075
1,0.000271924
1,0.000247906
1,0.000247906
1,0.000244587
1,0.000244587
1,0.000233521
1,0.00012364
1,0.000122524
1,0.000119483
1,0.000109918
1,0.000109918
1,8.38211e-05
1,2.95139e-05
1,2.95139e-05
1,2.32281e-05
1,1.87355e-05
1,1.87355e-05
1,1.86622e-05
1,1.83265e-05
1,1.03629e-05
1,1.03629e-05
1,4.39283e-06
1,4.39283e-06
1,4.39283e-06
1,4.39283e-06
1,2.12387e-06
1,2.12387e-06
1,2.12387e-06
1,2.12387e-06
1,5.89306e-07
1,5.3336e-07
1,4.54676e-07
1,4.54676e-07
1,3.746e-07
1,3.746e-07
1,2.97716e-07
1,2.97716e-07
1,2.97716e-07
1,2.97716e-07
1,1.63174e-07
1,7.91108e-08
1,7.91108e-08
1,7.91108e-08
1,7.91108e-08
1,7.91108e-08
1,7.8912e-08
1,7.8912e-08
1,7.8912e-08
1,7.53677e-08
1,4.79697e-08
1,4.79697e-08
1,4.79697e-08
1,3.57218e-08
1,3.57218e-08
1,3.57218e-08
1,3.57218e-08
1,1.78315e-08
1,1.78315e-08
1,1.48848e-08
1,1.93876e-09
1,1.93876e-09
1,1.43237e-09
1,1.43237e-09
1,1.43237e-09
1,1.43237e-09
1,1.31042e-09
1,9.0183e-10
1,8.30745e-10
1,8.30745e-10
1,8.30745e-10
1,8.30745e-10
1,7.91491e-10
1,7.91491e-10
1,1.46481e-10
1,1.46481e-10
1,1.46481e-10
1,1.46481e-10
1,1.46481e-10
1,1.46481e-10
1,1.46481e-10
1,1.46481e-10
1,1.46481e-10
1,1.46481e-10
1,1.15087e-10
1,1.15087e-10
1,8.21704e-11
1,8.21704e-11
1,8.21704e-11
1,8.21704e-11
1,4.64949e-11
1,4.61141e-11
1,4.61141e-11
1,4.61141e-11
1,9.73391e-12
1,9.73391e-12
1,9.73391e-12
1,4.37967e-12
1,4.37967e-12
1,4.37967e-12
1,1.43586e-12
1,1.43586e-12
1,1.43586e-12
1,1.43586e-12
1,1.43586e-12
1,1.43586e-12
1,5.53454e-13
1,5.53454e-13
1,5.53454e-13
1,5.53454e-13
1,4.06047e-13
1,3.1563e-13
1,3.1563e-13
1,5.58947e-14
1,5.58947e-14
1,5.58947e-14
1,5.58947e-14
1,3.66982e-14
1,3.66982e-14
1,3.66982e-14
1,3.66982e-14
1,3.66982e-14
1,1.30741e-14
1,1.30741e-14
1,1.30741e-14
1,6.07141e-15
1,6.07141e-15
1,6.07141e-15
1,5.40024e-15
1,5.40024e-15
1,2.64828e-15
1,2.64828e-15
1,2.64828e-15
1,2.64828e-15
1,1.82149e-15
1,1.82149e-15
1,1.1267e-15
1,9.6566e-16
1,6.71294e-16
1,6.71294e-16
1,6.71294e-16
1,6.71294e-16
1,6.71294e-16
1,6.71294e-16
1,6.71294e-16
1,6.71294e-16
1,5.12361e-16
1,5.12361e-16
1,2.26746e-16
1,2.26746e-16
1,2.26746e-16
1,2.26746e-16
1,2.26746e-16
1,8.73572e-17
1,8.73572e-17
1,4.67625e-17
1,4.51801e-17
1,4.51801e-17
1,4.51801e-17
1,4.1121e-17
1,4.01906e-17
1,4.01906e-17
1,3.76125e-17
1,8.64729e-18
1,8.64729e-18
1,8.64729e-18
1,8.64729e-18
1,8.83573e-19
1,8.83573e-19
1,8.83573e-19
1,8.83573e-19
1,7.65811e-19
1,7.65811e-19
1,7.65811e-19
1,7.65811e-19
1,7.65811e-19
1,7.34887e-19
1,5.08474e-19
1,3.4017e-19
1,3.30567e-19
1,3.30567e-19
1,3.30567e-19
1,2.77358e-19
1,2.68013e-19
1,1.03255e-19
1,1.03255e-19
1,9.71758e-20
1,6.36971e-20
1,6.36971e-20
1,6.36971e-20
1,6.36971e-20
1,1.87558e-20
1,1.49999e-20
1,1.49999e-20
1,1.49999e-20
1,1.49999e-20
1,1.49999e-20
1,1.49999e-20
1,1.49999e-20
1,8.6339e-21
1,8.6339e-21
1,8.6339e-21
1,7.36453e-21
1,6.65612e-21
1,6.65612e-21
1,6.65612e-21
1,6.50434e-21
1,1.16816e-21
1,1.16816e-21
1,1.16816e-21
1,1.16816e-21
1,1.16816e-21
1,1.16816e-21
1,1.16816e-21
1,1.16816e-21
1,7.9769e-22
1,7.9769e-22
1,7.9769e-22
1,7.9769e-22
1,7.9769e-22
1,7.33907e-22
1,7.33907e-22
1,4.14316e-22
1,3.79115e-22
1,3.79115e-22
1,3.79115e-22
1,3.79115e-22
1,2.82777e-22
1,2.75314e-22
1,2.73847e-22
1,2.34481e-22
1,2.34481e-22
1,2.34481e-22
1,1.87242e-22
1,1.87242e-22
1,1.00667e-22
1,6.30243e-23
1,6.30243e-23
1,6.30243e-23
1,2.12064e-23
1,2.12064e-23
1,1.60287e-23
1,1.60287e-23
1,1.60287e-23
1,1.60287e-23
1,1.10046e-23
1,1.10046e-23
1,1.10046e-23
1,8.48995e-24
1,5.91671e-24
1,1.76947e-24
1,1.76947e-24
1,6.0925e-25
1,6.0925e-25
1,6.0925e-25
1,6.0925e-25
1,6.0925e-25
1,6.0925e-25
1,6.0925e-25
1,6.0925e-25
1,6.0925e-25
1,6.0925e-25
1,4.18671e-25
1,4.18671e-25
1,4.18671e-25
1,4.18671e-25
1,4.18671e-25
1,4.18671e-25
1,4.18671e-25
1,4.18671e-25
1,4.18671e-25
1,1.84899e-25
1,1.84899e-25
1,1.84899e-25
1,1.84899e-25
1,2.54395e-26
1,2.54395e-26
1,2.54395e-26
1,2.54395e-26
1,2.54395e-26
1,2.54395e-26
1,2.54395e-26
1,2.54395e-26
1,2.15083e-26
1,2.15083e-26
1,2.08102e-26
1,7.75288e-27
1,7.75288e-27
1,7.75288e-27
1,7.75288e-27
1,6.59632e-27
1,4.36518e-27
1,1.98965e-27
1,9.91171e-28
1,7.90911e-28
1,7.90911e-28
1,5.99259e-28
1,5.99259e-28
1,5.99259e-28
1,2.51189e-28
1,2.51189e-28
1,2.51189e-28
1,2.51189e-28
1,2.51189e-28
1,2.51189e-28
1,2.51189e-28
1,2.51189e-28
1,2.51189e-28
1,2.51189e-28
1,1.49387e-28
1,1.32179e-28
1,4.52087e-29
1,4.52087e-29
1,4.52087e-29
1,3.52497e-29
1,3.18429e-29
1,3.18429e-29
1,3.18429e-29
1,3.18429e-29
1,3.18429e-29
1,2.43475e-29
1,1.28163e-29
1,1.01841e-29
1,6.38758e-30
1,6.38758e-30
1,6.38758e-30
1,6.38758e-30
1,6.38758e-30
1,6.38758e-30
1,6.03649e-30
1,2.47678e-30
1,1.80586e-30
1,1.80586e-30
1,1.80586e-30
1,1.80586e-30
1,1.80586e-30
1,1.80586e-30
1,1.80586e-30
1,1.80586e-30
1,1.646e-30
1,1.646e-30
1,9.03461e-31
1,3.11816e-31
1,1.146e-31
1,1.146e-31
1,1.146e-31
1,1.146e-31
1,1.146e-31
1,1.146e-31
1,1.146e-31
1,1.49976e-32
1,1.49976e-32
1,1.49976e-32
1,1.49976e-32
1,1.49976e-32
1,1.49976e-32
1,1.49976e-32
1,1.49976e-32
1,1.49976e-32
1,1.49976e-32
1,1.49976e-32
1,1.49976e-32
1,1.49976e-32
1,1.49976e-32
1,1.49976e-32
1,1.49976e-32
1,1.49976e-32
1,1.49976e-32
1,1.49976e-32
1,1.49976e-32
1,1.49976e-32
1,1.49976e-32
1,1.49976e-32
1,1.49976e-32
1,1.49976e-32
1,1.49976e-32
1,1.49976e-32
1,1.49976e-32
1,1.49976e-32
1,1.49976e-32
1,1.49976e-32
1,1.49976e-32
1,1.49976e-32
1,1.49976e-32
1,1.49976e-32
1,1.49976e-32
1,1.49976e-32
1,1.49976e-32
1,1.49976e-32
1,1.49976e-32
1,1.49976e-32
1,1.49976e-32
1,1.49976e-32
1,1.49976e-32
1,1.49976e-32
1,1.49976e-32
1,1.49976e-32
1,1.49976e-32
1,1.49976e-32
1,1.49976e-32
1,1.49976e-32
1,1.49976e-32
1,1.49976e-32
1,1.49976e-32
1,1.49976e-32
1,1.49976e-32
1,1.49976e-32
1,1.49976e-32
1,1.49976e-32
1,1.49976e-32
1,1.49976e-32
1,1.49976e-32
1,1.49976e-32
1,1.49976e-32
1,1.49976e-32
1,1.49976e-32
1,1.49976e-32
1,1.49976e-32
1,1.49976e-32
1,1.49976e-32
1,1.49976e-32
1,1.49976e-32
1,1.49976e-32
1,1.49976e-32
1,1.49976e-32
1,1.49976e-32
1,1.49976e-32
1,1.49976e-32
1,1.49976e-32
1,1.49976e-32
1,1.49976e-32
1,1.49976e-32
1,1.49976e-32
1,1.49976e-32
1,1.49976e-32
1,1.49976e-32
1,1.49976e-32
1,1.49976e-32
1,1.49976e-32
1,1.49976e-32
1,1.49976e-32
1,1.49976e-32
1,1.49976e-32
1,1.49976e-32
1,1.49976e-32
1,1.49976e-32
1,1.49976e-32
1,1.49976e-32
1,1.49976e-32
1,1.49976e-32
1,1.49976e-32
1,1.49976e-32
1,1.49976e-32
1,1.49976e-32
1,1.49976e-32
1,1.49976e-32
1,1.49976e-32
2,1.00957
2,1.00957
2,0.239331
2,0.239331
2,0.0889493
2,0.0889493
2,0.0889493
2,0.0889493
2,0.0889493
2,0.0889493
2,0.0599158
2,0.0599158
2,0.0599158
2,0.0599158
2,0.0599158
2,0.0599158
2,0.0599158
2,0.059836
2,0.0540921
2,0.0311997
2,0.0252939
2,0.0252939
2,0.0167125
2,0.0167125
2,0.00753423
2,0.00212522
2,0.00212522
2,0.00212522
2,0.00212522
2,0.00146918
2,0.00146467
2,0.00146467
2,0.00129665
2,0.00129665
2,0.000201732
2,0.000201732
2,0.000201732
2,0.000201732
2,0.000201732
2,0.000201732
2,0.000201732
2,0.000201732
2,0.000201732
2,0.000148355
2,0.000103866
2,6.59331e-05
2,5.9099e-05
2,4.04981e-05
2,4.04981e-05
2,4.04981e-05
2,2.62083e-05
2,1.573e-05
2,1.573e-05
2,1.573e-05
2,1.25116e-05
2,1.11667e-05
2,1.11667e-05
2,1.09363e-05
2,1.09363e-05
2,1.06239e-05
2,1.02825e-05
2,3.9034e-06
2,2.83251e-06
2,2.14361e-06
2,2.14361e-06
2,1.31564e-06
2,1.31564e-06
2,1.31564e-06
2,1.31564e-06
2,5.71445e-07
2,5.71445e-07
2,5.71445e-07
2,5.71445e-07
2,5.71445e-07
2,5.71445e-07
2,3.63732e-07
2,2.49851e-07
2,1.31837e-07
2,7.47839e-08
2,7.47839e-08
2,7.47839e-08
2,7.47839e-08
2,7.47839e-08
2,5.81916e-08
2,5.81916e-08
2,5.81916e-08
2,5.81916e-08
2,3.54774e-08
2,3.54774e-08
2,3.54774e-08
2,3.54774e-08
2,2.87164e-08
2,2.16346e-08
2,2.15955e-08
2,2.15851e-08
2,1.98689e-08
2,9.5802e-09
2,2.47231e-09
2,2.47231e-09
2,2.47231e-09
2,2.47231e-09
2,2.47231e-09
2,2.47231e-09
2,2.47231e-09
2,2.04468e-09
2,6.46057e-10
2,5.8327e-10
2,5.8327e-10
2,5.8327e-10
2,5.8327e-10
2,4.57544e-10
2,4.57544e-10
2,3.89982e-10
2,2.975e-10
2,2.92857e-10
2,1.56545e-10
2,6.87909e-11
2,6.87909e-11
2,6.87909e-11
2,3.80685e-11
2,3.80685e-11
2,3.80685e-11
2,3.27314e-11
2,3.1409e-11
2,3.1409e-11
2,3.1409e-11
2,2.99518e-11
2,2.36116e-11
2,2.31225e-11
2,1.79939e-11
2,1.5344e-11
2,1.5344e-11
2,1.5344e-11
2,3.4353e-12
2,3.4353e-12
2,3.4353e-12
2,2.92494e-12
2,2.92494e-12
2,2.92494e-12
2,1.25817e-12
2,1.25817e-12
2,1.25817e-12
2,6.89151e-13
2,6.89151e-13
2,6.89151e-13
2,6.31282e-13
2,6.31282e-13
2,6.31282e-13
2,4.0461e-13
2,3.84356e-13
2,3.84356e-13
2,1.58015e-13
2,1.58015e-13
2,6.95362e-14
2,6.95362e-14
2,4.20432e-14
2,4.20432e-14
2,3.28989e-14
2,3.28989e-14
2,3.28989e-14
2,3.13997e-14
2,3.13997e-14
2,3.13997e-14
2,2.37321e-14
2,2.37321e-14
2,2.34753e-14
2,1.64584e-14
2,1.41006e-14
2,1.37016e-14
2,1.2551e-14
2,1.11707e-14
2,1.09755e-14
2,1.0392e-14
2,3.45524e-15
2,3.45524e-15
2,3.45524e-15
2,3.45524e-15
2,3.45524e-15
2,3.45524e-15
2,3.45524e-15
2,1.34266e-15
2,1.74074e-16
2,1.74074e-16
2,1.74074e-16
2,1.74074e-16
2,1.74074e-16
2,1.74074e-16
2,1.74074e-16
2,1.74074e-16
2,1.74074e-16
2,1.74074e-16
2,1.65751e-16
2,1.6548e-16
2,7.39713e-17
2,4.76167e-17
2,4.76167e-17
2,3.94928e-17
2,1.23745e-17
2,8.2807e-18
2,8.2807e-18
2,8.19967e-18
2,8.19967e-18
2,4.21882e-18
2,2.18888e-18
2,2.18888e-18
2,1.34785e-18
2,1.34785e-18
2,1.34785e-18
2,1.34785e-18
2,1.34785e-18
2,8.38568e-19
2,8.38568e-19
2,8.38568e-19
2,5.94986e-19
2,5.94986e-19
2,5.94986e-19
2,3.54752e-19
2,3.54752e-19
2,3.54752e-19
2,3.01803e-19
2,3.01803e-19
2,3.01803e-19
2,2.89965e-19
2,1.32669e-19
2,7.85443e-20
2,3.94565e-20
2,3.94565e-20
2,3.94565e-20
2,2.76579e-20
2,2.76579e-20
2,2.76579e-20
2,2.76579e-20
2,2.76579e-20
2,2.62317e-20
2,2.4698e-20
2,2.37913e-20
2,1.8336e-20
2,1.8336e-20
2,1.8336e-20
2,1.60281e-20
2,6.7372e-21
2,6.7372e-21
2,6.7372e-21
2,6.7372e-21
2,6.49841e-21
2,2.42669e-21
2,2.42669e-21
2,1.43072e-21
2,1.43072e-21
2,1.43072e-21
2,1.43072e-21
2,1.21981e-21
2,1.21981e-21
2,1.11992e-21
2,9.69052e-22
2,5.00332e-22
2,3.84268e-22
2,3.84268e-22
2,3.84268e-22
2,3.84268e-22
2,3.39799e-22
2,1.93745e-22
2,1.62021e-22
2,1.62021e-22
2,1.62021e-22
2,1.62021e-22
2,1.62021e-22
2,1.04994e-22
2,7.70669e-23
2,7.39602e-23
2,4.4195e-23
2,4.4195e-23
2,4.4195e-23
2,4.4195e-23
2,4.4195e-23
2,4.4195e-23
2,3.79734e-23
2,3.79734e-23
2,1.74387e-23
2,1.74387e-23
2,1.74387e-23
2,1.18477e-23
2,1.18477e-23
2,1.18477e-23
2,9.85516e-24
2,7.05951e-24
2,7.05951e-24
2,7.05951e-24
2,5.93448e-24
2,3.38276e-24
2,3.38276e-24
2,3.38276e-24
2,3.12736e-24
2,2.94569e-24
2,1.25095e-24
2,1.02085e-24
2,1.02085e-24
2,1.02085e-24
2,5.83589e-25
2,5.83589e-25
2,1.85962e-25
2,1.85962e-25
2,1.85962e-25
2,1.85962e-25
2,1.75485e-25
2,1.47159e-25
2,1.47159e-25
2,1.02546e-25
2,1.02546e-25
2,9.01724e-26
2,9.01724e-26
2,3.42446e-26
2,3.42446e-26
2,2.58281e-26
2,2.20158e-26
2,1.28497e-26
2,1.28497e-26
2,1.28497e-26
2,8.60178e-27
2,1.87318e-27
2,1.03117e-27
2,1.03117e-27
2,1.03117e-27
2,1.03117e-27
2,1.03117e-27
2,1.03117e-27
2,1.03117e-27
2,9.88505e-28
2,9.88505e-28
2,9.88505e-28
2,6.53992e-29
2,6.53992e-29
2,6.53992e-29
2,6.53992e-29
2,6.53992e-29
2,6.53992e-29
2,6.53992e-29
2,6.53992e-29
2,6.53992e-29
2,5.81074e-29
2,4.07248e-29
2,4.07248e-29
2,4.07248e-29
2,2.78282e-29
2,1.74396e-29
2,1.74396e-29
2,1.35491e-29
2,1.35491e-29
2,1.35491e-29
2,5.35747e-30
2,5.35747e-30
2,3.42052e-30
2,3.42052e-30
2,3.42052e-30
2,2.15596e-30
2,2.15596e-30
2,2.15596e-30
2,2.15596e-30
2,2.15596e-30
2,1.25953e-30
2,1.25953e-30
2,1.25953e-30
2,1.25953e-30
2,1.00903e-30
2,1.00903e-30
2,9.60726e-31
2,8.61123e-31
2,8.61123e-31
2,5.13011e-31
2,2.25534e-31
2,1.26926e-31
2,1.26926e-31
2,1.26926e-31
2,1.26926e-31
2,1.25931e-31
2,6.43014e-32
2,6.43014e-32
2,6.43014e-32
2,6.43014e-32
2,1.49976e-32
2,1.49976e-32
2,1.49976e-32
2,1.49976e-32
2,1.49976e-32
2,1.49976e-32
2,1.49976e-32
2,1.49976e-32
2,1.49976e-32
2,1.49976e-32
2,1.49976e-32
2,1.49976e-32
2,1.49976e-32
2,1.49976e-32
2,1.49976e-32
2,1.49976e-32
2,1.49976e-32
2,1.49976e-32
2,1.49976e-32
2,1.49976e-32
2,1.49976e-32
2,1.49976e-32
2,1.49976e-32
2,1.49976e-32
2,1.49976e-32
2,1.49976e-32
2,1.49976e-32
2,1.49976e-32
2,1.49976e-32
2,1.49976e-32
2,1.49976e-32
2,1.49976e-32
2,1.49976e-32
2,1.49976e-32
2,1.49976e-32
2,1.49976e-32
2,1.49976e-32
2,1.49976e-32
2,1.49976e-32
2,1.49976e-32
2,1.49976e-32
2,1.49976e-32
2,1.49976e-32
2,1.49976e-32
2,1.49976e-32
2,1.49976e-32
2,1.49976e-32
2,1.49976e-32
2,1.49976e-32
2,1.49976e-32
2,1.49976e-32
2,1.49976e-32
2,1.49976e-32
2,1.49976e-32
2,1.49976e-32
2,1.49976e-32
2,1.49976e-32
2,1.49976e-32
2,1.49976e-32
2,1.49976e-32
2,1.49976e-32
2,1.49976e-32
2,1.49976e-32
2,1.49976e-32
2,1.49976e-32
2,1.49976e-32
2,1.49976e-32
2,1.49976e-32
2,1.49976e-32
2,1.49976e-32
2,1.49976e-32
2,1.49976e-32
2,1.49976e-32
2,1.49976e-32
2,1.49976e-32
2,1.49976e-32
2,1.49976e-32
2,1.49976e-32
2,1.49976e-32
2,1.49976e-32
2,1.49976e-32
2,1.49976e-32
2,1.49976e-32
2,1.49976e-32
2,1.49976e-32
2,1.49976e-32
2,1.49976e-32
2,1.49976e-32
2,1.49976e-32
2,1.49976e-32
2,1.49976e-32
2,1.49976e-32
2,1.49976e-32
2,1.49976e-32
2,1.49976e-32
2,1.49976e-32
2,1.49976e-32
2,1.49976e-32
2,1.49976e-32
2,1.49976e-32
2,1.49976e-32
2,1.49976e-32
2,1.49976e-32
2,1.49976e-32
2,1.49976e-32
2,1.49976e-32
2,1.49976e-32
2,1.49976e-32
2,1.49976e-32
2,1.49976e-32
2,1.49976e-32
2,1.49976e-32
2,1.49976e-32
2,1.49976e-32
2,1.49976e-32
2,1.49976e-32
2,1.49976e-32
2,1.49976e-32
2,1.49976e-32
2,1.49976e-32
2,1.49976e-32
3,0.991327
3,0.991327
3,0.578876
3,0.578876
3,0.498991
3,0.185655
3,0.185655
3,0.185655
3,0.185655
3,0.105658
3,0.0772108
3,0.0772108
3,0.0772108
3,0.0772108
3,0.0429836
3,0.0429836
3,0.027167
3,0.0255538
3,0.0241442
3,0.0241442
3,0.00597514
3,0.00597514
3,0.00597514
3,0.00597514
3,0.00597514
3,0.00597514
3,0.00150457
3,0.00150457
3,0.00150457
3,0.00150457
3,0.00145963
3,0.000229429
3,0.000229429
3,0.000229429
3,0.000229429
3,0.000229429
3,0.000192327
3,0.000192327
3,0.000138927
3,0.000106321
3,3.63825e-05
3,3.63825e-05
3,3.63825e-05
3,3.63825e-05
3,3.63825e-05
3,3.63825e-05
3,3.63825e-05
3,3.63825e-05
3,3.63825e-05
3,3.63825e-05
3,3.63825e-05
3,3.50656e-05
3,3.50656e-05
3,2.25585e-06
3,2.25585e-06
3,2.25585e-06
3,2.25585e-06
3,2.25585e-06
3,2.25585e-06
3,2.25585e-06
3,2.25585e-06
3,2.25585e-06
3,2.25585e-06
3,2.25585e-06
3,1.47275e-06
3,1.34483e-06
3,1.34483e-06
3,7.39261e-07
3,7.39261e-07
3,7.19588e-07
3,7.19588e-07
3,6.20259e-07
3,6.20259e-07
3,5.29673e-07
3,4.63733e-07
3,4.63733e-07
3,4.63733e-07
3,2.52044e-07
3,2.03564e-07
3,6.26173e-08
3,6.26173e-08
3,2.98232e-08
3,2.98232e-08
3,2.98232e-08
3,1.44905e-08
3,1.44905e-08
3,1.44905e-08
3,1.44905e-08
3,1.44905e-08
3,6.86643e-09
3,6.86643e-09
3,6.86643e-09
3,6.86643e-09
3,5.86151e-09
3,2.53449e-09
3,2.53449e-09
3,2.53449e-09
3,2.53449e-09
3,1.38804e-09
3,1.38804e-09
3,1.38804e-09
3,1.38804e-09
3,3.76291e-10
3,3.76291e-10
3,3.76291e-10
3,1.7727e-10
3,1.7727e-10
3,1.7727e-10
3,1.7727e-10
3,1.7727e-10
3,1.7727e-10
3,1.7727e-10
3,1.7727e-10
3,1.7727e-10
3,1.72267e-10
3,1.30999e-10
3,1.30999e-10
3,1.30999e-10
3,9.05998e-11
3,6.69306e-11
3,6.21273e-11
3,4.50179e-11
3,4.08118e-11
3,9.09863e-12
3,9.09863e-12
3,6.88113e-12
3,6.88113e-12
3,6.88113e-12
3,6.88113e-12
3,6.88113e-12
3,6.88113e-12
3,5.02118e-12
3,5.02118e-12
3,4.97639e-12
3,4.97639e-12
3,1.61546e-12
3,1.57687e-12
3,1.57687e-12
3,5.91753e-13
3,5.91753e-13
3,5.91753e-13
3,5.91753e-13
3,5.91753e-13
3,5.91753e-13
3,5.91753e-13
3,5.91753e-13
3,2.62143e-13
3,2.2162e-13
3,2.2162e-13
3,2.2162e-13
3,2.2162e-13
3,7.86765e-14
3,7.86765e-14
3,7.86765e-14
3,6.33503e-14
3,3.73594e-14
3,2.93905e-14
3,2.88225e-14
3,2.88225e-14
3,2.77107e-14
3,2.77107e-14
3,9.01484e-15
3,9.01484e-15
3,9.01484e-15
3,9.01484e-15
3,9.01484e-15
3,4.89207e-15
3,4.89207e-15
3,8.78937e-16
3,8.78937e-16
3,8.78937e-16
3,8.78937e-16
3,8.78937e-16
3,8.78937e-16
3,8.78937e-16
3,3.56664e-16
3,3.56664e-16
3,3.56664e-16
3,3.56664e-16
3,2.3389e-16
3,1.59613e-16
3,1.59613e-16
3,1.59613e-16
3,1.35011e-16
3,1.35011e-16
3,1.35011e-16
3,1.35011e-16
3,1.20498e-16
3,4.97945e-17
3,4.97945e-17
3,4.97945e-17
3,4.97945e-17
3,4.97945e-17
3,4.97945e-17
3,4.97945e-17
3,4.97945e-17
3,4.97945e-17
3,4.52139e-17
3,2.03622e-17
3,2.03622e-17
3,2.03622e-17
3,7.14571e-18
3,7.14571e-18
3,5.51307e-18
3,5.51307e-18
3,2.38039e-18
3,2.38039e-18
3,2.38039e-18
3,2.38039e-18
3,2.38039e-18
3,8.08836e-19
3,8.08836e-19
3,8.08836e-19
3,8.08836e-19
3,8.01044e-19
3,8.01044e-19
3,8.01044e-19
3,7.79123e-19
3,1.33549e-19
3,1.33549e-19
3,1.33549e-19
3,1.33549e-19
3,1.33549e-19
3,1.32585e-19
3,1.32585e-19
3,1.76283e-20
3,1.76283e-20
3,1.76283e-20
3,1.76283e-20
3,1.76283e-20
3,1.76283e-20
3,1.76283e-20
3,1.76283e-20
3,1.76283e-20
3,1.76283e-20
3,1.32656e-20
3,1.32656e-20
3,1.00022e-20
3,6.29169e-21
3,6.29169e-21
3,6.29169e-21
3,1.5063e-21
3,1.5063e-21
3,1.5063e-21
3,1.5063e-21
3,1.37696e-21
3,1.37696e-21
3,1.37696e-21
3,1.09011e-21
3,1.09011e-21
3,1.07128e-21
3,8.59896e-22
3,8.59896e-22
3,7.67789e-22
3,6.43322e-22
3,6.43322e-22
3,2.9804e-22
3,2.9804e-22
3,2.9804e-22
3,2.9804e-22
3,7.51829e-23
3,7.51829e-23
3,6.10676e-23
3,6.10676e-23
3,3.4878e-23
3,3.4878e-23
3,3.4878e-23
3,3.36414e-23
3,1.26407e-23
3,1.26407e-23
3,1.26407e-23
3,3.48389e-24
3,3.48389e-24
3,3.48389e-24
3,3.48389e-24
3,3.48389e-24
3,3.48389e-24
3,3.48389e-24
3,3.48389e-24
3,3.48389e-24
3,2.95143e-24
3,2.95143e-24
3,2.95143e-24
3,1.33665e-24
3,1.32392e-24
3,8.01403e-25
3,8.01403e-25
3,5.29359e-25
3,5.29359e-25
3,5.29359e-25
3,5.29359e-25
3,5.29359e-25
3,5.23233e-25
3,2.67307e-25
3,8.95087e-26
3,8.95087e-26
3,8.95087e-26
3,6.38556e-26
3,4.82426e-26
3,4.82426e-26
3,4.00826e-26
3,4.00826e-26
3,4.00826e-26
3,1.65667e-26
3,7.89396e-27
3,7.89396e-27
3,7.89396e-27
3,7.31801e-27
3,7.31801e-27
3,7.31801e-27
3,5.51378e-27
3,5.51378e-27
3,5.51378e-27
3,4.49909e-27
3,2.51846e-27
3,1.86641e-27
3,1.86641e-27
3,1.4301e-27
3,1.4301e-27
3,2.67537e-28
3,2.67537e-28
3,2.67537e-28
3,2.67537e-28
3,2.67537e-28
3,2.17807e-28
3,8.75525e-29
3,8.75525e-29
3,8.75525e-29
3,8.75525e-29
3,8.75525e-29
3,8.75525e-29
3,8.75525e-29
3,3.58417e-29
3,3.58417e-29
3,2.26228e-29
3,2.26228e-29
3,2.26228e-29
3,5.70074e-30
3,5.70074e-30
3,5.70074e-30
3,5.70074e-30
3,5.59275e-30
3,5.59275e-30
3,5.59275e-30
3,5.59275e-30
3,4.90786e-30
3,4.90786e-30
3,4.01143e-30
3,4.01143e-30
3,4.01143e-30
3,3.40149e-30
3,3.40149e-30
3,1.45874e-30
3,1.10864e-30
3,1.10864e-30
3,4.62712e-31
3,4.62712e-31
3,4.62712e-31
3,4.62712e-31
3,4.62712e-31
3,4.62712e-31
3,4.62712e-31
3,4.62712e-31
3,4.62712e-31
3,1.63904e-31
3,1.63904e-31
3,1.63904e-31
3,6.43014e-32
3,6.43014e-32
3,6.43014e-32
3,6.43014e-32
3,2.73235e-32
3,2.73235e-32
3,1.49976e-32
3,1.49976e-32
3,1.49976e-32
3,1.49976e-32
3,1.49976e-32
3,1.49976e-32
3,1.49976e-32
3,1.49976e-32
3,1.49976e-32
3,1.49976e-32
3,1.49976e-32
3,1.49976e-32
3,1.49976e-32
3,1.49976e-32
3,1.49976e-32
3,1.49976e-32
3,1.49976e-32
3,1.49976e-32
3,1.49976e-32
3,1.49976e-32
3,1.49976e-32
3,1.49976e-32
3,1.49976e-32
3,1.49976e-32
3,1.49976e-32
3,1.49976e-32
3,1.49976e-32
3,1.49976e-32
3,1.49976e-32
3,1.49976e-32
3,1.49976e-32
3,1.49976e-32
3,1.49976e-32
3,1.49976e-32
3,1.49976e-32
3,1.49976e-32
3,1.49976e-32
3,1.49976e-32
3,1.49976e-32
3,1.49976e-32
3,1.49976e-32
3,1.49976e-32
3,1.49976e-32
3,1.49976e-32
3,1.49976e-32
3,1.49976e-32
3,1.49976e-32
3,1.49976e-32
3,1.49976e-32
3,1.49976e-32
3,1.49976e-32
3,1.49976e-32
3,1.49976e-32
3,1.49976e-32
3,1.49976e-32
3,1.49976e-32
3,1.49976e-32
3,1.49976e-32
3,1.49976e-32
3,1.49976e-32
3,1.49976e-32
3,1.49976e-32
3,1.49976e-32
3,1.49976e-32
3,1.49976e-32
3,1.49976e-32
3,1.49976e-32
3,1.49976e-32
3,1.49976e-32
3,1.49976e-32
3,1.49976e-32
3,1.49976e-32
3,1.49976e-32
3,1.49976e-32
3,1.49976e-32
3,1.49976e-32
3,1.49976e-32
3,1.49976e-32
3,1.49976e-32
3,1.49976e-32
3,1.49976e-32
3,1.49976e-32
3,1.49976e-32
3,1.49976e-32
3,1.49976e-32
3,1.49976e-32
3,1.49976e-32
3,1.49976e-32
3,1.49976e-32
3,1.49976e-32
3,1.49976e-32
3,1.49976e-32
3,1.49976e-32
3,1.49976e-32
3,1.49976e-32
3,1.49976e-32
3,1.49976e-32
3,1.49976e-32
3,1.49976e-32
3,1.49976e-32
3,1.49976e-32
3,1.49976e-32
3,1.49976e-32
3,1.49976e-32
3,1.49976e-32
3,1.49976e-32
3,1.49976e-32
3,1.49976e-32
3,1.49976e-32
3,1.49976e-32
3,1.49976e-32
3,1.49976e-32
3,1.49976e-32
3,1.49976e-32
3,1.49976e-32
3,1.49976e-32
3,1.49976e-32
3,1.49976e-32
3,1.49976e-32
3,1.49976e-32
3,1.49976e-32
3,1.49976e-32
3,1.49976e-32
3,1.49976e-32
3,1.49976e-32
3,1.49976e-32
3,1.49976e-32
4,0.932182
4,0.932182
4,0.428499
4,0.156594
4,0.156594
4,0.156594
4,0.156594
4,0.156594
4,0.156594
4,0.156594
4,0.0809532
4,0.0809532
4,0.0809532
4,0.0701119
4,0.0701119
4,0.0622527
4,0.0538781
4,0.0504
4,0.0146335
4,0.0146335
4,0.011167
4,0.011167
4,0.00595946
4,0.00595946
4,0.00284349
4,0.00284349
4,0.00284349
4,0.00230934
4,0.00230934
4,0.00230934
4,0.00230934
4,0.00166164
4,0.00166164
4,0.00166164
4,0.00166164
4,0.00132929
4,0.00132929
4,0.00120178
4,0.00112668
4,0.000851342
4,0.000851342
4,0.000851342
4,0.000548053
4,0.000139257
4,0.000139257
4,0.000139257
4,0.000139257
4,0.000110452
4,0.000110452
4,0.000110452
4,0.000110452
4,5.91483e-05
4,5.91483e-05
4,3.09718e-05
4,3.09718e-05
4,3.09718e-05
4,3.09718e-05
4,3.09718e-05
4,2.29687e-05
4,2.29687e-05
4,1.55615e-05
4,1.55615e-05
4,1.55615e-05
4,1.39418e-05
4,1.2782e-05
4,1.2782e-05
4,6.28513e-06
4,3.75331e-06
4,2.10603e-06
4,2.10603e-06
4,1.57299e-06
4,2.71527e-07
4,2.71527e-07
4,1.73662e-07
4,1.73662e-07
4,1.73662e-07
4,1.73662e-07
4,1.73662e-07
4,1.73662e-07
4,1.73662e-07
4,1.73662e-07
4,1.73662e-07
4,1.70278e-07
4,1.38862e-07
4,5.16208e-08
4,5.16208e-08
4,2.76272e-08
4,2.14582e-08
4,2.14582e-08
4,2.14582e-08
4,1.97699e-08
4,1.83846e-08
4,1.21931e-08
4,1.21931e-08
4,1.21931e-08
4,1.21931e-08
4,1.21931e-08
4,1.21931e-08
4,4.65732e-09
4,3.40792e-09
4,3.40792e-09
4,3.40792e-09
4,2.372e-09
4,1.89094e-09
4,8.08412e-10
4,8.08412e-10
4,8.08412e-10
4,8.08412e-10
4,7.88583e-10
4,7.88583e-10
4,7.88583e-10
4,4.62878e-10
4,4.62878e-10
4,4.62878e-10
4,3.50378e-10
4,2.48331e-10
4,2.48331e-10
4,2.48331e-10
4,2.48037e-10
4,2.48037e-10
4,9.87264e-11
4,7.84692e-11
4,7.84692e-11
4,7.84692e-11
4,4.69983e-11
4,4.63102e-11
4,2.07383e-11
4,6.00906e-12
4,6.00906e-12
4,6.00906e-12
4,6.00906e-12
4,3.31629e-12
4,3.31629e-12
4,3.31629e-12
4,3.31629e-12
4,3.31629e-12
4,3.31629e-12
4,3.31629e-12
4,3.31629e-12
4,2.67735e-12
4,2.67735e-12
4,2.67735e-12
4,1.88386e-12
4,1.31167e-13
4,9.19399e-14
4,9.19399e-14
4,9.19399e-14
4,9.19399e-14
4,9.19399e-14
4,9.19399e-14
4,9.19399e-14
4,9.19399e-14
4,5.37649e-14
4,5.37649e-14
4,5.37649e-14
4,5.37649e-14
4,5.37649e-14
4,5.37649e-14
4,4.11837e-14
4,4.11837e-14
4,2.71649e-14
4,2.71649e-14
4,2.71649e-14
4,1.15914e-14
4,9.39254e-15
4,9.39254e-15
4,9.39254e-15
4,7.57705e-15
4,7.54978e-15
4,7.54978e-15
4,4.35575e-15
4,4.35575e-15
4,3.28896e-15
4,3.28896e-15
4,3.28896e-15
4,3.28896e-15
4,2.65152e-15
4,2.65152e-15
4,2.65152e-15
4,1.9527e-15
4,1.9527e-15
4,1.9527e-15
4,8.96719e-16
4,8.96719e-16
4,8.96719e-16
4,8.96719e-16
4,2.53396e-16
4,2.53396e-16
4,2.53396e-16
4,2.53396e-16
4,2.53396e-16
4,1.04107e-16
4,6.68836e-17
4,6.68836e-17
4,4.47347e-17
4,4.47347e-17
4,4.47347e-17
4,4.47347e-17
4,4.47347e-17
4,4.47347e-17
4,1.31775e-17
4,1.31775e-17
4,1.31775e-17
4,1.31775e-17
4,1.31775e-17
4,1.31775e-17
4,1.09472e-17
4,1.09472e-17
4,1.03997e-17
4,1.03997e-17
4,9.74571e-18
4,8.11289e-18
4,6.45453e-18
4,3.2419e-18
4,3.2419e-18
4,3.2419e-18
4,3.2419e-18
4,2.38901e-18
4,1.64168e-18
4,1.06682e-18
4,1.06682e-18
4,1.06682e-18
4,1.06682e-18
4,7.26662e-19
4,7.26662e-19
4,6.11203e-19
4,6.11203e-19
4,6.11203e-19
4,5.21768e-19
4,5.1564e-19
4,3.95615e-19
4,2.60679e-19
4,2.60679e-19
4,6.70658e-20
4,6.70658e-20
4,4.44737e-20
4,4.44737e-20
4,4.44737e-20
4,4.3441e-20
4,4.3441e-20
4,2.03145e-20
4,2.03145e-20
4,2.03145e-20
4,2.03145e-20
4,1.18952e-20
4,1.18952e-20
4,6.63769e-21
4,2.31759e-21
4,2.31759e-21
4,2.31759e-21
4,2.17581e-21
4,2.17581e-21
4,1.16549e-21
4,4.03836e-22
4,4.03836e-22
4,4.03836e-22
4,4.03836e-22
4,4.03836e-22
4,4.03836e-22
4,1.60247e-22
4,1.60247e-22
4,1.60247e-22
4,1.60247e-22
4,1.60247e-22
4,1.60247e-22
4,1.22672e-22
4,6.8835e-23
4,6.8835e-23
4,6.8835e-23
4,6.8835e-23
4,6.8835e-23
4,6.8835e-23
4,4.44163e-23
4,4.44163e-23
4,4.44163e-23
4,2.94693e-23
4,2.94693e-23
4,2.75958e-23
4,2.75958e-23
4,2.06366e-23
4,2.06366e-23
4,2.06366e-23
4,1.4753e-23
4,1.41834e-23
4,1.41834e-23
4,1.41834e-23
4,4.80867e-24
4,4.80867e-24
4,4.80867e-24
4,4.80867e-24
4,3.38694e-24
4,3.38694e-24
4,2.56737e-24
4,2.56737e-24
4,2.56737e-24
4,2.56446e-24
4,2.56446e-24
4,2.56446e-24
4,2.43488e-24
4,1.14297e-24
4,8.07734e-25
4,8.07734e-25
4,8.07734e-25
4,8.07734e-25
4,7.35729e-25
4,5.79514e-25
4,3.75381e-25
4,3.75381e-25
4,2.17249e-25
4,2.17249e-25
4,2.17249e-25
4,2.17249e-25
4,5.01576e-26
4,5.01576e-26
4,5.01576e-26
4,3.67969e-26
4,3.67969e-26
4,3.51587e-26
4,3.51587e-26
4,1.92702e-26
4,1.92702e-26
4,1.92702e-26
4,1.92702e-26
4,1.92702e-26
4,1.26756e-26
4,1.26756e-26
4,1.09517e-26
4,1.09517e-26
4,3.86237e-27
4,3.86237e-27
4,1.96245e-27
4,1.96245e-27
4,1.29225e-27
4,1.29225e-27
4,1.29225e-27
4,1.29225e-27
4,6.52088e-28
4,6.52088e-28
4,6.52088e-28
4,6.52088e-28
4,6.52088e-28
4,6.52088e-28
4,4.00899e-28
4,3.90205e-28
4,3.90205e-28
4,3.75292e-28
4,3.75292e-28
4,3.60588e-28
4,9.79356e-29
4,9.79356e-29
4,9.79356e-29
4,9.79356e-29
4,9.79356e-29
4,3.69319e-29
4,3.69319e-29
4,3.69319e-29
4,3.69319e-29
4,3.69319e-29
4,2.70203e-29
4,2.70203e-29
4,2.40942e-29
4,2.40942e-29
4,1.51909e-29
4,1.51909e-29
4,1.15406e-29
4,2.5907e-30
4,2.5907e-30
4,2.5907e-30
4,2.5907e-30
4,2.5907e-30
4,2.5907e-30
4,2.5907e-30
4,2.5907e-30
4,2.5907e-30
4,2.172e-30
4,1.28155e-30
4,1.13364e-30
4,9.03461e-31
4,9.03461e-31
4,9.03461e-31
4,9.03461e-31
4,5.58335e-31
4,5.58335e-31
4,3.11816e-31
4,3.11816e-31
4,3.11816e-31
4,3.11816e-31
4,3.11816e-31
4,3.11816e-31
4,3.11816e-31
4,3.11816e-31
4,1.63904e-31
4,6.43014e-32
4,6.43014e-32
4,1.49976e-32
4,1.49976e-32
4,1.49976e-32
4,1.49976e-32
4,1.49976e-32
4,1.49976e-32
4,1.49976e-32
4,1.49976e-32
4,1.49976e-32
4,1.49976e-32
4,1.49976e-32
4,1.49976e-32
4,1.49976e-32
4,1.49976e-32
4,1.49976e-32
4,1.49976e-32
4,1.49976e-32
4,1.49976e-32
4,1.49976e-32
4,1.49976e-32
4,1.49976e-32
4,1.49976e-32
4,1.49976e-32
4,1.49976e-32
4,1.49976e-32
4,1.49976e-32
4,1.49976e-32
4,1.49976e-32
4,1.49976e-32
4,1.49976e-32
4,1.49976e-32
4,1.49976e-32
4,1.49976e-32
4,1.49976e-32
4,1.49976e-32
4,1.49976e-32
4,1.49976e-32
4,1.49976e-32
4,1.49976e-32
4,1.49976e-32
4,1.49976e-32
4,1.49976e-32
4,1.49976e-32
4,1.49976e-32
4,1.49976e-32
4,1.49976e-32
4,1.49976e-32
4,1.49976e-32
4,1.49976e-32
4,1.49976e-32
4,1.49976e-32
4,1.49976e-32
4,1.49976e-32
4,1.49976e-32
4,1.49976e-32
4,1.49976e-32
4,1.49976e-32
4,1.49976e-32
4,1.49976e-32
4,1.49976e-32
4,1.49976e-32
4,1.49976e-32
4,1.49976e-32
4,1.49976e-32
4,1.49976e-32
4,1.49976e-32
4,1.49976e-32
4,1.49976e-32
4,1.49976e-32
4,1.49976e-32
4,1.49976e-32
4,1.49976e-32
4,1.49976e-32
4,1.49976e-32
4,1.49976e-32
4,1.49976e-32
4,1.49976e-32
4,1.49976e-32
4,1.49976e-32
4,1.49976e-32
4,1.49976e-32
4,1.49976e-32
4,1.49976e-32
4,1.49976e-32
4,1.49976e-32
4,1.49976e-32
4,1.49976e-32
4,1.49976e-32
4,1.49976e-32
4,1.49976e-32
4,1.49976e-32
4,1.49976e-32
4,1.49976e-32
4,1.49976e-32
4,1.49976e-32
4,1.49976e-32
4,1.49976e-32
4,1.49976e-32
4,1.49976e-32
4,1.49976e-32
4,1.49976e-32
4,1.49976e-32
4,1.49976e-32
4,1.49976e-32
4,1.49976e-32
4,1.49976e-32
5,1.329
5,0.728625
5,0.408061
5,0.234898
5,0.234898
5,0.234898
5,0.234898
5,0.138996
5,0.138996
5,0.136197
5,0.103842
5,0.103842
5,0.0801232
5,0.0801232
5,0.0603571
5,0.0575855
5,0.0305363
5,0.028993
5,0.0204382
5,0.00900273
5,0.00900273
5,0.00900273
5,0.00438521
5,0.00438521
5,0.00438521
5,0.00364954
5,0.00364954
5,0.00127656
5,0.00127656
5,0.00103497
5,0.00103497
5,0.00103497
5,0.00103497
5,0.00103497
5,0.000814507
5,0.000814507
5,0.000814507
5,0.000462497
5,0.000394823
5,0.000259661
5,0.000259661
5,0.000197931
5,0.000197931
5,0.000181624
5,0.000135117
5,0.000135117
5,0.000121831
5,0.000121831
5,0.000107868
5,5.47565e-05
5,5.47565e-05
5,5.47565e-05
5,5.47565e-05
5,1.83618e-05
5,1.83618e-05
5,1.83618e-05
5,1.83618e-05
5,1.38147e-05
5,1.38147e-05
5,1.38147e-05
5,1.38147e-05
5,1.38147e-05
5,8.16011e-06
5,8.16011e-06
5,8.16011e-06
5,5.99602e-06
5,5.99602e-06
5,5.25032e-06
5,5.25032e-06
5,5.25032e-06
5,1.02842e-06
5,1.00794e-06
5,2.34051e-07
5,2.34051e-07
5,2.34051e-07
5,2.34051e-07
5,2.34051e-07
5,2.34051e-07
5,2.34051e-07
5,2.34051e-07
5,2.34051e-07
5,1.46945e-07
5,1.46945e-07
5,1.46945e-07
5,1.29359e-07
5,9.7678e-08
5,9.7678e-08
5,9.7678e-08
5,9.43604e-08
5,9.43604e-08
5,9.43604e-08
5,9.43604e-08
5,6.02727e-08
5,6.02727e-08
5,6.02727e-08
5,5.09892e-08
5,2.94625e-08
5,2.94625e-08
5,2.94625e-08
5,2.34774e-08
5,2.34774e-08
5,1.77234e-08
5,8.91076e-09
5,8.91076e-09
5,8.91076e-09
5,8.91076e-09
5,8.58294e-09
5,2.51419e-09
5,2.26375e-09
5,2.26375e-09
5,2.14716e-09
5,1.0664e-09
5,1.0664e-09
5,1.0664e-09
5,8.2303e-10
5,7.12971e-10
5,6.26838e-10
5,2.56481e-10
5,1.1876e-10
5,1.1876e-10
5,1.1876e-10
5,1.1876e-10
5,1.1876e-10
5,1.1876e-10
5,1.08082e-10
5,1.08082e-10
5,1.02584e-10
5,1.02584e-10
5,3.44705e-11
5,3.44705e-11
5,2.42961e-11
5,2.42961e-11
5,1.36708e-11
5,1.36708e-11
5,4.91666e-12
5,4.91666e-12
5,4.91666e-12
5,4.91666e-12
5,4.91666e-12
5,4.91666e-12
5,4.91666e-12
5,4.91666e-12
5,4.91666e-12
5,3.15565e-12
5,3.15565e-12
5,1.2557e-12
5,1.2557e-12
5,1.05661e-12
5,6.52643e-13
5,6.52643e-13
5,6.42537e-13
5,6.42537e-13
5,6.16073e-13
5,5.32279e-13
5,5.32279e-13
5,2.97498e-13
5,2.97498e-13
5,1.21474e-13
5,1.21474e-13
5,1.21474e-13
5,1.21474e-13
5,5.10751e-14
5,5.10751e-14
5,5.10751e-14
5,5.10751e-14
5,5.10751e-14
5,5.10751e-14
5,5.10751e-14
5,5.10751e-14
5,3.42311e-14
5,2.59263e-14
5,2.14242e-14
5,2.14242e-14
5,2.14242e-14
5,2.14242e-14
5,1.19268e-14
5,1.11769e-14
5,1.11769e-14
5,5.06603e-15
5,2.62979e-15
5,2.02322e-15
5,1.36607e-15
5,1.35682e-15
5,1.35682e-15
5,1.35682e-15
5,1.35682e-15
5,1.19074e-15
5,1.14915e-15
5,5.16565e-17
5,5.16565e-17
5,5.16565e-17
5,5.16565e-17
5,5.16565e-17
5,5.16565e-17
5,5.16565e-17
5,5.16565e-17
5,5.16565e-17
5,5.16565e-17
5,5.16565e-17
5,2.96347e-17
5,2.00011e-17
5,1.974e-17
5,1.974e-17
5,1.85872e-17
5,1.19026e-17
5,1.19026e-17
5,1.19026e-17
5,8.82948e-18
5,7.81832e-18
5,4.26559e-18
5,3.53876e-18
5,2.27002e-18
5,2.27002e-18
5,2.21894e-18
5,2.21894e-18
5,3.65054e-19
5,3.65054e-19
5,3.65054e-19
5,3.65054e-19
5,3.65054e-19
5,3.65054e-19
5,4.8341e-20
5,4.8341e-20
5,4.8341e-20
5,4.8341e-20
5,4.8341e-20
5,4.8341e-20
5,4.8341e-20
5,4.8341e-20
5,4.8341e-20
5,4.8341e-20
5,4.8341e-20
5,4.8341e-20
5,3.41142e-20
5,2.97416e-20
5,2.5585e-20
5,2.5585e-20
5,2.55721e-20
5,2.22392e-20
5,2.22392e-20
5,2.1814e-20
5,1.38879e-20
5,1.38879e-20
5,1.38879e-20
5,1.38879e-20
5,1.19869e-20
5,1.03852e-20
5,1.00998e-20
5,9.61395e-21
5,5.27812e-21
5,3.65921e-21
5,3.65921e-21
5,2.89129e-21
5,2.81418e-21
5,2.75749e-21
5,1.39389e-21
5,1.02758e-21
5,6.28899e-22
5,6.0224e-22
5,5.3301e-22
5,4.19341e-22
5,2.775e-22
5,1.84478e-22
5,1.60338e-22
5,1.60338e-22
5,1.60338e-22
5,1.09326e-22
5,7.01895e-23
5,6.51932e-23
5,6.21041e-23
5,4.44615e-23
5,4.44615e-23
5,3.4734e-23
5,3.4734e-23
5,2.1013e-23
5,1.06424e-23
5,1.06424e-23
5,1.06424e-23
5,1.06424e-23
5,1.01015e-23
5,1.01015e-23
5,7.04726e-24
5,7.04726e-24
5,3.53907e-24
5,9.79267e-25
5,9.79267e-25
5,9.79267e-25
5,6.1198e-25
5,3.13899e-25
5,3.13899e-25
5,3.13899e-25
5,3.13899e-25
5,3.13899e-25
5,3.13899e-25
5,3.13899e-25
5,3.13899e-25
5,3.04512e-25
5,2.41924e-25
5,2.00678e-25
5,2.00678e-25
5,2.00678e-25
5,2.00678e-25
5,8.01221e-26
5,8.01221e-26
5,8.01221e-26
5,8.01221e-26
5,8.01221e-26
5,8.01221e-26
5,4.15863e-26
5,4.15863e-26
5,2.92553e-26
5,2.92553e-26
5,1.9274e-26
5,1.9274e-26
5,1.9274e-26
5,1.49296e-26
5,1.2902e-26
5,8.45548e-27
5,8.45548e-27
5,2.21733e-27
5,2.21733e-27
5,2.21733e-27
5,4.1511e-28
5,4.1511e-28
5,1.44901e-28
5,1.44901e-28
5,1.44901e-28
5,1.44901e-28
5,1.44901e-28
5,1.44901e-28
5,1.44901e-28
5,9.50483e-29
5,9.50483e-29
5,9.50483e-29
5,8.48453e-29
5,8.48453e-29
5,8.48453e-29
5,8.48453e-29
5,8.48453e-29
5,8.39225e-29
5,8.39225e-29
5,8.39225e-29
5,8.39225e-29
5,8.39225e-29
5,7.39695e-29
5,7.39695e-29
5,3.05836e-29
5,3.05836e-29
5,1.83912e-29
5,1.83912e-29
5,5.78997e-30
5,5.78997e-30
5,5.78997e-30
5,3.25159e-30
5,3.10069e-30
5,3.10069e-30
5,3.10069e-30
5,3.10069e-30
5,3.10069e-30
5,2.60268e-30
5,1.51423e-30
5,1.51423e-30
5,1.51423e-30
5,1.51423e-30
5,1.51423e-30
5,7.10227e-31
5,7.10227e-31
5,7.10227e-31
5,7.10227e-31
5,7.10227e-31
5,7.10227e-31
5,7.10227e-31
5,1.49976e-32
5,1.49976e-32
5,1.49976e-32
5,1.49976e-32
5,1.49976e-32
5,1.49976e-32
5,1.49976e-32
5,1.49976e-32
5,1.49976e-32
5,1.49976e-32
5,1.49976e-32
5,1.49976e-32
5,1.49976e-32
5,1.49976e-32
5,1.49976e-32
5,1.49976e-32
5,1.49976e-32
5,1.49976e-32
5,1.49976e-32
5,1.49976e-32
5,1.49976e-32
5,1.49976e-32
5,1.49976e-32
5,1.49976e-32
5,1.49976e-32
5,1.49976e-32
5,1.49976e-32
5,1.49976e-32
5,1.49976e-32
5,1.49976e-32
5,1.49976e-32
5,1.49976e-32
5,1.49976e-32
5,1.49976e-32
5,1.49976e-32
5,1.49976e-32
5,1.49976e-32
5,1.49976e-32
5,1.49976e-32
5,1.49976e-32
5,1.49976e-32
5,1.49976e-32
5,1.49976e-32
5,1.49976e-32
5,1.49976e-32
5,1.49976e-32
5,1.49976e-32
5,1.49976e-32
5,1.49976e-32
5,1.49976e-32
5,1.49976e-32
5,1.49976e-32
5,1.49976e-32
5,1.49976e-32
5,1.49976e-32
5,1.49976e-32
5,1.49976e-32
5,1.49976e-32
5,1.49976e-32
5,1.49976e-32
5,1.49976e-32
5,1.49976e-32
5,1.49976e-32
5,1.49976e-32
5,1.49976e-32
5,1.49976e-32
5,1.49976e-32
5,1.49976e-32
5,1.49976e-32
5,1.49976e-32
5,1.49976e-32
5,1.49976e-32
5,1.49976e-32
5,1.49976e-32
5,1.49976e-32
5,1.49976e-32
5,1.49976e-32
5,1.49976e-32
5,1.49976e-32
5,1.49976e-32
5,1.49976e-32
5,1.49976e-32
5,1.49976e-32
5,1.49976e-32
5,1.49976e-32
5,1.49976e-32
5,1.49976e-32
5,1.49976e-32
5,1.49976e-32
5,1.49976e-32
5,1.49976e-32
5,1.49976e-32
5,1.49976e-32
5,1.49976e-32
5,1.49976e-32
5,1.49976e-32
5,1.49976e-32
5,1.49976e-32
5,1.49976e-32
5,1.49976e-32
5,1.49976e-32
5,1.49976e-32
5,1.49976e-32
5,1.49976e-32
5,1.49976e-32
5,1.49976e-32
5,1.49976e-32
5,1.49976e-32
5,1.49976e-32
5,1.49976e-32
5,1.49976e-32
5,1.49976e-32
5,1.49976e-32
5,1.49976e-32
5,1.49976e-32
5,1.49976e-32
5,1.49976e-32
5,1.49976e-32
5,1.49976e-32
5,1.49976e-32
5,1.49976e-32
5,1.49976e-32
5,1.49976e-32
5,1.49976e-32
5,1.49976e-32
5,1.49976e-32
5,1.49976e-32
5,1.49976e-32
6,0.667686
6,0.666592
6,0.651418
6,0.525252
6,0.239462
6,0.239462
6,0.239462
6,0.221849
6,0.105662
6,0.105662
6,0.105662
6,0.105662
6,0.038682
6,0.038682
6,0.038682
6,0.038682
6,0.038682
6,0.0281554
6,0.0281554
6,0.0191243
6,0.0174504
6,0.0110402
6,0.00373449
6,0.00373449
6,0.00373449
6,0.00373449
6,0.00128093
6,0.00128093
6,0.00128093
6,0.00128093
6,0.000987091
6,0.000831171
6,0.000831171
6,0.000831171
6,0.000831171
6,0.000831171
6,0.000192913
6,0.000192913
6,0.000192913
6,0.000192913
6,7.66335e-05
6,7.66335e-05
6,7.66335e-05
6,7.66335e-05
6,7.66335e-05
6,7.66335e-05
6,7.03338e-05
6,7.03338e-05
6,6.7152e-05
6,6.7152e-05
6,3.35838e-05
6,8.61248e-06
6,4.27557e-06
6,4.27557e-06
6,4.27557e-06
6,4.18086e-06
6,4.18086e-06
6,4.18086e-06
6,4.18086e-06
6,4.18086e-06
6,4.18086e-06
6,4.18086e-06
6,3.96369e-06
6,3.70152e-06
6,2.11263e-06
6,2.11263e-06
6,2.11263e-06
6,2.11263e-06
6,1.71968e-06
6,1.36621e-06
6,1.36621e-06
6,1.21108e-06
6,9.07066e-07
6,5.50804e-07
6,5.50804e-07
6,5.50804e-07
6,5.50804e-07
6,5.28053e-07
6,5.28053e-07
6,5.17401e-07
6,4.35637e-07
6,1.98925e-07
6,1.98925e-07
6,6.25296e-08
6,6.25296e-08
6,6.15871e-08
6,5.35382e-08
6,1.68703e-08
6,1.68703e-08
6,1.68703e-08
6,1.68703e-08
6,5.14243e-09
6,5.14243e-09
6,5.14243e-09
6,5.14243e-09
6,5.14243e-09
6,4.59339e-09
6,4.59339e-09
6,1.41318e-09
6,1.35509e-09
6,1.1497e-09
6,1.1497e-09
6,1.1497e-09
6,1.1497e-09
6,1.1497e-09
6,1.1497e-09
6,1.1497e-09
6,9.2416e-10
6,9.2416e-10
6,6.77905e-10
6,6.77905e-10
6,6.11645e-10
6,4.02694e-10
6,4.02694e-10
6,4.02694e-10
6,4.02694e-10
6,3.17327e-10
6,2.81444e-10
6,1.86521e-10
6,1.1613e-10
6,1.1613e-10
6,1.1613e-10
6,8.58181e-11
6,4.21538e-11
6,4.21538e-11
6,3.76216e-11
6,3.76216e-11
6,3.76216e-11
6,3.76216e-11
6,3.76216e-11
6,2.05905e-11
6,1.91556e-11
6,1.39623e-11
6,1.39623e-11
6,1.39623e-11
6,1.02946e-11
6,1.02946e-11
6,1.02946e-11
6,8.96252e-12
6,6.12139e-12
6,1.10022e-12
6,4.8453e-13
6,3.59687e-13
6,3.59687e-13
6,3.59687e-13
6,3.59687e-13
6,3.59687e-13
6,3.59687e-13
6,3.59687e-13
6,3.59687e-13
6,3.41353e-13
6,3.41353e-13
6,3.41353e-13
6,3.41353e-13
6,1.73863e-13
6,1.04061e-13
6,7.0786e-14
6,2.43013e-14
6,1.91331e-14
6,1.91331e-14
6,1.91331e-14
6,1.91331e-14
6,1.91331e-14
6,1.91331e-14
6,1.54163e-14
6,1.09933e-14
6,6.22637e-15
6,6.22637e-15
6,5.623e-15
6,3.7872e-15
6,3.7872e-15
6,3.51822e-15
6,3.31418e-15
6,3.31418e-15
6,3.1958e-15
6,2.69884e-15
6,2.69884e-15
6,1.35192e-15
6,6.79327e-16
6,3.78599e-16
6,3.78599e-16
6,3.78599e-16
6,3.78599e-16
6,3.51584e-16
6,1.96443e-16
6,1.96443e-16
6,1.8768e-16
6,1.8768e-16
6,1.8768e-16
6,1.8768e-16
6,7.42648e-17
6,6.69555e-17
6,6.69555e-17
6,5.32939e-17
6,5.32939e-17
6,4.20511e-17
6,4.20511e-17
6,2.52999e-17
6,2.52999e-17
6,2.52999e-17
6,2.52999e-17
6,2.17613e-17
6,2.17613e-17
6,2.00561e-17
6,8.70728e-18
6,8.70728e-18
6,7.73385e-18
6,7.73385e-18
6,7.73385e-18
6,7.73385e-18
6,6.82604e-18
6,4.43729e-18
6,2.84931e-18
6,4.92023e-19
6,2.15136e-19
6,2.15136e-19
6,1.85903e-19
6,1.85903e-19
6,1.85903e-19
6,1.85903e-19
6,8.88545e-20
6,1.3901e-20
6,1.3901e-20
6,1.3901e-20
6,1.3901e-20
6,1.3901e-20
6,1.18212e-20
6,1.18212e-20
6,1.18212e-20
6,1.17201e-20
6,1.12871e-20
6,1.12871e-20
6,1.06791e-20
6,9.8664e-21
6,6.68515e-21
6,4.66623e-22
6,4.66623e-22
6,4.66623e-22
6,4.66623e-22
6,4.66623e-22
6,4.66623e-22
6,4.66623e-22
6,4.66623e-22
6,4.66623e-22
6,4.66623e-22
6,4.66623e-22
6,4.66623e-22
6,1.6224e-22
6,1.6224e-22
6,1.6224e-22
6,1.6224e-22
6,1.19394e-22
6,1.19394e-22
6,1.19394e-22
6,1.07579e-22
6,9.8113e-23
6,9.8113e-23
6,9.53117e-23
6,4.44116e-23
6,4.44116e-23
6,4.44116e-23
6,3.87285e-24
6,3.87285e-24
6,3.87285e-24
6,3.87285e-24
6,3.87285e-24
6,3.87285e-24
6,3.87285e-24
6,3.87285e-24
6,2.88778e-24
6,2.88778e-24
6,2.88778e-24
6,9.78029e-25
6,9.78029e-25
6,9.78029e-25
6,9.78029e-25
6,9.78029e-25
6,9.78029e-25
6,9.78029e-25
6,9.78029e-25
6,7.57991e-25
6,7.57991e-25
6,7.57991e-25
6,7.57991e-25
6,7.57991e-25
6,7.57991e-25
6,4.96317e-25
6,4.96317e-25
6,4.41365e-25
6,4.30882e-25
6,7.14317e-26
6,7.14317e-26
6,7.14317e-26
6,3.42558e-26
6,3.42558e-26
6,3.42558e-26
6,3.42558e-26
6,3.42558e-26
6,3.42558e-26
6,1.45955e-26
6,1.45955e-26
6,1.45955e-26
6,1.45955e-26
6,8.75619e-27
6,8.75619e-27
6,8.75619e-27
6,8.19396e-27
6,3.21976e-27
6,3.21976e-27
6,3.21976e-27
6,3.21976e-27
6,3.21976e-27
6,1.33796e-27
6,1.33796e-27
6,1.33796e-27
6,1.33796e-27
6,1.09165e-27
6,5.97073e-28
6,5.97073e-28
6,5.24139e-28
6,5.24139e-28
6,1.45583e-28
6,1.45583e-28
6,1.45583e-28
6,1.45583e-28
6,1.45583e-28
6,9.41512e-29
6,9.41512e-29
6,9.41512e-29
6,9.18093e-29
6,9.18093e-29
6,9.18093e-29
6,3.4534e-29
6,3.4534e-29
6,3.4534e-29
6,3.03396e-29
6,2.34654e-29
6,2.22827e-29
6,1.71562e-29
6,1.71562e-29
6,1.03737e-29
6,6.89892e-30
6,3.88159e-30
6,3.88159e-30
6,3.88159e-30
6,1.62097e-30
6,1.62097e-30
6,1.62097e-30
6,1.62097e-30
6,1.62097e-30
6,1.62097e-30
6,1.62097e-30
6,1.62097e-30
6,1.00903e-30
6,1.00903e-30
6,1.00903e-30
6,1.00903e-30
6,9.84728e-31
6,9.84728e-31
6,6.23945e-31
6,6.23945e-31
6,6.23945e-31
6,1.25931e-31
6,6.43014e-32
6,6.43014e-32
6,6.43014e-32
6,6.43014e-32
6,6.43014e-32
6,6.43014e-32
6,6.43014e-32
6,1.49976e-32
6,1.49976e-32
6,1.49976e-32
6,1.49976e-32
6,1.49976e-32
6,1.49976e-32
6,1.49976e-32
6,1.49976e-32
6,1.49976e-32
6,1.49976e-32
6,1.49976e-32
6,1.49976e-32
6,1.49976e-32
6,1.49976e-32
6,1.49976e-32
6,1.49976e-32
6,1.49976e-32
6,1.49976e-32
6,1.49976e-32
6,1.49976e-32
6,1.49976e-32
6,1.49976e-32
6,1.49976e-32
6,1.49976e-32
6,1.49976e-32
6,1.49976e-32
6,1.49976e-32
6,1.49976e-32
6,1.49976e-32
6,1.49976e-32
6,1.49976e-32
6,1.49976e-32
6,1.49976e-32
6,1.49976e-32
6,1.49976e-32
6,1.49976e-32
6,1.49976e-32
6,1.49976e-32
6,1.49976e-32
6,1.49976e-32
6,1.49976e-32
6,1.49976e-32
6,1.49976e-32
6,1.49976e-32
6,1.49976e-32
6,1.49976e-32
6,1.49976e-32
6,1.49976e-32
6,1.49976e-32
6,1.49976e-32
6,1.49976e-32
6,1.49976e-32
6,1.49976e-32
6,1.49976e-32
6,1.49976e-32
6,1.49976e-32
6,1.49976e-32
6,1.49976e-32
6,1.49976e-32
6,1.49976e-32
6,1.49976e-32
6,1.49976e-32
6,1.49976e-32
6,1.49976e-32
6,1.49976e-32
6,1.49976e-32
6,1.49976e-32
6,1.49976e-32
6,1.49976e-32
6,1.49976e-32
6,1.49976e-32
6,1.49976e-32
6,1.49976e-32
6,1.49976e-32
6,1.49976e-32
6,1.49976e-32
6,1.49976e-32
6,1.49976e-32
6,1.49976e-32
6,1.49976e-32
6,1.49976e-32
6,1.49976e-32
6,1.49976e-32
6,1.49976e-32
6,1.49976e-32
6,1.49976e-32
6,1.49976e-32
6,1.49976e-32
6,1.49976e-32
6,1.49976e-32
6,1.49976e-32
6,1.49976e-32
6,1.49976e-32
6,1.49976e-32
6,1.49976e-32
6,1.49976e-32
6,1.49976e-32
6,1.49976e-32
6,1.49976e-32
6,1.49976e-32
6,1.49976e-32
6,1.49976e-32
6,1.49976e-32
6,1.49976e-32
6,1.49976e-32
6,1.49976e-32
6,1.49976e-32
6,1.49976e-32
6,1.49976e-32
6,1.49976e-32
6,1.49976e-32
6,1.49976e-32
6,1.49976e-32
6,1.49976e-32
6,1.49976e-32
6,1.49976e-32
6,1.49976e-32
6,1.49976e-32
6,1.49976e-32
6,1.49976e-32
6,1.49976e-32
6,1.49976e-32
6,1.49976e-32
6,1.49976e-32
6,1.49976e-32
6,1.49976e-32
6,1.49976e-32
6,1.49976e-32
6,1.49976e-32
6,1.49976e-32
7,3.16234
7,1.95612
7,1.69011
7,1.35935
7,1.15894
7,0.577595
7,0.577595
7,0.577595
7,0.482104
7,0.482104
7,0.382705
7,0.277531
7,0.13056
7,0.13056
7,0.13056
7,0.13056
7,0.128508
7,0.0397196
7,0.0397196
7,0.0309366
7,0.0309366
7,0.0309366
7,0.0220777
7,0.0177795
7,0.0177795
7,0.0177795
7,0.0177795
7,0.0142051
7,0.00975023
7,0.007665
7,0.007665
7,0.00575113
7,0.00336409
7,0.00254548
7,0.00254548
7,0.00133169
7,0.00129619
7,0.00079593
7,0.000658845
7,0.000410117
7,0.000410117
7,0.000314256
7,0.000314256
7,0.000314256
7,0.000142434
7,0.000142434
7,0.000142434
7,0.000142434
7,0.000142434
7,0.000142434
7,0.000142434
7,8.06229e-05
7,8.57484e-06
7,8.57484e-06
7,8.57484e-06
7,8.57484e-06
7,8.57484e-06
7,8.57484e-06
7,8.57484e-06
7,8.57484e-06
7,8.57484e-06
7,8.57484e-06
7,3.89123e-06
7,3.89123e-06
7,3.89123e-06
7,3.89123e-06
7,2.29622e-06
7,2.29622e-06
7,1.54799e-06
7,1.54799e-06
7,1.54799e-06
7,1.17965e-06
7,1.17965e-06
7,1.10763e-06
7,7.99137e-07
7,7.99137e-07
7,3.82031e-07
7,2.56179e-07
7,2.56179e-07
7,2.56179e-07
7,1.62677e-07
7,9.77561e-08
7,9.77561e-08
7,7.51193e-08
7,2.93939e-08
7,2.93939e-08
7,2.93939e-08
7,2.93939e-08
7,2.93939e-08
7,2.93939e-08
7,2.93939e-08
7,1.87723e-08
7,1.52068e-08
7,1.52068e-08
7,1.26591e-08
7,1.26591e-08
7,1.26591e-08
7,2.69936e-09
7,2.69936e-09
7,2.69936e-09
7,2.69936e-09
7,2.69936e-09
7,2.69936e-09
7,2.69936e-09
7,2.69936e-09
7,2.69936e-09
7,2.69936e-09
7,2.69936e-09
7,2.69936e-09
7,2.69936e-09
7,1.92078e-09
7,1.92078e-09
7,1.92078e-09
7,1.40243e-09
7,1.40243e-09
7,1.40243e-09
7,1.37598e-09
7,1.37598e-09
7,1.20906e-09
7,1.20906e-09
7,6.60831e-10
7,2.84172e-10
7,2.84172e-10
7,1.66508e-10
7,1.56255e-10
7,1.56255e-10
7,1.17893e-10
7,1.17893e-10
7,1.17893e-10
7,2.95931e-11
7,2.95931e-11
7,2.95931e-11
7,2.95931e-11
7,2.95931e-11
7,1.47104e-11
7,1.03302e-11
7,1.03302e-11
7,1.03302e-11
7,9.42862e-12
7,9.19388e-12
7,7.71951e-12
7,6.35022e-12
7,5.89182e-12
7,5.89182e-12
7,5.89182e-12
7,5.29591e-12
7,4.26238e-13
7,3.75399e-13
7,3.75399e-13
7,3.75399e-13
7,3.75399e-13
7,3.75399e-13
7,3.75399e-13
7,3.75399e-13
7,1.86022e-13
7,1.86022e-13
7,1.86022e-13
7,1.86022e-13
7,1.86022e-13
7,1.86022e-13
7,1.86022e-13
7,1.86022e-13
7,1.80013e-13
7,1.65764e-13
7,1.39105e-13
7,7.97319e-14
7,6.05934e-14
7,6.05934e-14
7,2.3494e-14
7,1.18101e-15
7,1.18101e-15
7,1.18101e-15
7,1.18101e-15
7,1.18101e-15
7,1.18101e-15
7,1.18101e-15
7,1.18101e-15
7,1.18101e-15
7,1.18101e-15
7,1.18101e-15
7,1.18101e-15
7,1.10386e-15
7,1.10386e-15
7,1.10386e-15
7,1.10386e-15
7,6.09582e-16
7,4.56414e-16
7,4.56414e-16
7,3.95413e-16
7,1.38867e-16
7,1.38867e-16
7,5.60409e-17
7,5.60409e-17
7,5.60409e-17
7,5.60409e-17
7,5.60409e-17
7,4.19525e-17
7,3.81674e-17
7,3.37898e-17
7,3.31076e-17
7,2.06173e-17
7,2.06173e-17
7,2.06173e-17
7,2.06173e-17
7,2.06173e-17
7,2.06173e-17
7,2.06173e-17
7,6.51162e-18
7,6.51162e-18
7,6.51162e-18
7,6.47594e-18
7,6.47594e-18
7,3.075e-18
7,3.075e-18
7,2.46601e-18
7,2.46601e-18
7,2.46601e-18
7,1.82759e-18
7,1.40583e-18
7,7.8742e-19
7,7.8742e-19
7,7.8742e-19
7,7.8742e-19
7,3.00783e-19
7,3.00783e-19
7,3.00783e-19
7,2.93855e-19
7,2.92989e-19
7,2.92989e-19
7,1.91195e-19
7,1.91195e-19
7,1.35432e-19
7,1.35432e-19
7,1.24606e-19
7,1.0242e-19
7,1.0242e-19
7,8.75457e-20
7,8.24034e-20
7,7.74929e-20
7,6.89319e-20
7,6.5511e-20
7,2.9557e-20
7,2.9557e-20
7,2.9557e-20
7,2.39998e-20
7,2.39998e-20
7,1.01673e-20
7,1.01673e-20
7,9.82928e-21
7,7.47363e-21
7,7.47363e-21
7,7.47363e-21
7,6.95112e-21
7,6.95112e-21
7,6.95112e-21
7,5.68978e-21
7,5.68978e-21
7,4.68774e-21
7,3.62138e-21
7,2.72678e-21
7,1.63502e-21
7,1.63502e-21
7,1.11832e-21
7,7.77954e-22
7,6.29584e-22
7,3.2808e-22
7,3.2808e-22
7,2.13336e-22
7,2.13336e-22
7,2.13336e-22
7,1.37028e-22
7,1.20459e-22
7,1.20459e-22
7,1.20459e-22
7,1.20459e-22
7,1.20459e-22
7,1.20459e-22
7,5.73461e-23
7,5.73461e-23
7,2.92826e-23
7,2.92826e-23
7,2.73819e-23
7,2.73819e-23
7,2.73819e-23
7,2.73819e-23
7,2.73819e-23
7,2.05414e-23
7,1.75882e-23
7,1.75882e-23
7,8.79715e-24
7,8.79715e-24
7,4.66656e-24
7,4.66656e-24
7,5.2854e-25
7,5.2854e-25
7,5.2854e-25
7,5.2854e-25
7,5.2854e-25
7,5.2854e-25
7,5.2854e-25
7,5.2854e-25
7,5.2854e-25
7,5.2854e-25
7,5.2854e-25
7,1.56167e-25
7,1.56167e-25
7,1.56167e-25
7,1.56167e-25
7,1.56167e-25
7,1.56167e-25
7,1.56167e-25
7,1.56167e-25
7,7.89777e-26
7,7.89777e-26
7,3.41293e-26
7,3.41293e-26
7,3.41293e-26
7,3.41293e-26
7,3.41293e-26
7,3.41293e-26
7,3.41293e-26
7,3.41293e-26
7,3.41293e-26
7,2.84049e-26
7,2.84049e-26
7,2.84049e-26
7,2.84049e-26
7,1.94046e-26
7,1.94046e-26
7,1.94046e-26
7,6.55022e-27
7,6.22765e-27
7,6.22765e-27
7,6.22765e-27
7,6.22765e-27
7,4.69806e-27
7,4.69806e-27
7,1.36506e-27
7,8.13599e-28
7,8.13599e-28
7,6.57461e-28
7,6.57461e-28
7,6.57461e-28
7,7.01816e-29
7,7.01816e-29
7,7.01816e-29
7,7.01816e-29
7,2.03945e-29
7,2.03945e-29
7,2.03945e-29
7,2.03945e-29
7,2.03945e-29
7,1.54554e-29
7,1.54554e-29
7,1.11625e-29
7,1.11625e-29
7,1.11625e-29
7,1.11625e-29
7,1.11625e-29
7,1.11625e-29
7,7.3385e-30
7,2.30387e-30
7,2.30387e-30
7,2.30387e-30
7,2.26594e-30
7,2.26594e-30
7,1.70824e-30
7,1.66512e-30
7,1.41462e-30
7,1.41462e-30
7,1.41462e-30
7,1.41462e-30
7,6.10624e-31
7,4.13409e-31
7,4.13409e-31
7,4.13409e-31
7,4.13409e-31
7,4.13409e-31
7,4.13409e-31
7,4.13409e-31
7,4.13409e-31
7,4.13409e-31
7,4.13409e-31
7,4.13409e-31
7,4.13409e-31
7,6.43014e-32
7,1.49976e-32
7,1.49976e-32
7,1.49976e-32
7,1.49976e-32
7,1.49976e-32
7,1.49976e-32
7,1.49976e-32
7,1.49976e-32
7,1.49976e-32
7,1.49976e-32
7,1.49976e-32
7,1.49976e-32
7,1.49976e-32
7,1.49976e-32
7,1.49976e-32
7,1.49976e-32
7,1.49976e-32
7,1.49976e-32
7,1.49976e-32
7,1.49976e-32
7,1.49976e-32
7,1.49976e-32
7,1.49976e-32
7,1.49976e-32
7,1.49976e-32
7,1.49976e-32
7,1.49976e-32
7,1.49976e-32
7,1.49976e-32
7,1.49976e-32
7,1.49976e-32
7,1.49976e-32
7,1.49976e-32
7,1.49976e-32
7,1.49976e-32
7,1.49976e-32
7,1.49976e-32
7,1.49976e-32
7,1.49976e-32
7,1.49976e-32
7,1.49976e-32
7,1.49976e-32
7,1.49976e-32
7,1.49976e-32
7,1.49976e-32
7,1.49976e-32
7,1.49976e-32
7,1.49976e-32
7,1.49976e-32
7,1.49976e-32
7,1.49976e-32
7,1.49976e-32
7,1.49976e-32
7,1.49976e-32
7,1.49976e-32
7,1.49976e-32
7,1.49976e-32
7,1.49976e-32
7,1.49976e-32
7,1.49976e-32
7,1.49976e-32
7,1.49976e-32
7,1.49976e-32
7,1.49976e-32
7,1.49976e-32
7,1.49976e-32
7,1.49976e-32
7,1.49976e-32
7,1.49976e-32
7,1.49976e-32
7,1.49976e-32
7,1.49976e-32
7,1.49976e-32
7,1.49976e-32
7,1.49976e-32
7,1.49976e-32
7,1.49976e-32
7,1.49976e-32
7,1.49976e-32
7,1.49976e-32
7,1.49976e-32
7,1.49976e-32
7,1.49976e-32
7,1.49976e-32
7,1.49976e-32
7,1.49976e-32
7,1.49976e-32
7,1.49976e-32
7,1.49976e-32
7,1.49976e-32
7,1.49976e-32
7,1.49976e-32
7,1.49976e-32
7,1.49976e-32
7,1.49976e-32
7,1.49976e-32
7,1.49976e-32
7,1.49976e-32
7,1.49976e-32
7,1.49976e-32
7,1.49976e-32
7,1.49976e-32
7,1.49976e-32
7,1.49976e-32
7,1.49976e-32
7,1.49976e-32
7,1.49976e-32
7,1.49976e-32
7,1.49976e-32
7,1.49976e-32
7,1.49976e-32
7,1.49976e-32
7,1.49976e-32
7,1.49976e-32
8,1.54926
8,1.00781
8,0.728648
8,0.643119
8,0.183612
8,0.183612
8,0.144855
8,0.144855
8,0.144855
8,0.144855
8,0.144855
8,0.03381
8,0.03381
8,0.0335843
8,0.0335843
8,0.0335843
8,0.0124458
8,0.0124458
8,0.0105474
8,0.0105474
8,0.0105474
8,0.0105474
8,0.00741269
8,0.00741269
8,0.00741269
8,0.00427984
8,0.00427984
8,0.00427984
8,0.00234642
8,0.00176823
8,0.00175662
8,0.000491961
8,0.000491961
8,0.000491961
8,0.000491961
8,0.000491961
8,0.000491961
8,0.000276841
8,0.000276841
8,0.000134101
8,0.000134101
8,0.000134101
8,0.000126874
8,0.000105067
8,4.88593e-05
8,4.88593e-05
8,4.88593e-05
8,1.22683e-05
8,1.22683e-05
8,1.22683e-05
8,1.22683e-05
8,1.22683e-05
8,3.825e-06
8,3.40105e-06
8,3.40105e-06
8,2.75465e-06
8,2.75465e-06
8,2.72125e-06
8,6.27075e-07
8,6.27075e-07
8,6.27075e-07
8,6.27075e-07
8,6.27075e-07
8,6.27075e-07
8,6.27075e-07
8,6.27075e-07
8,6.27075e-07
8,6.27075e-07
8,6.27075e-07
8,1.88136e-07
8,1.88136e-07
8,1.88136e-07
8,1.88136e-07
8,1.24958e-07
8,4.13282e-08
8,4.13282e-08
8,4.13282e-08
8,4.13282e-08
8,3.67091e-08
8,3.67091e-08
8,3.67091e-08
8,3.67091e-08
8,3.67091e-08
8,3.28173e-08
8,3.28173e-08
8,3.19253e-08
8,3.19253e-08
8,3.19253e-08
8,3.19253e-08
8,3.11127e-08
8,3.11127e-08
8,2.7788e-08
8,2.7788e-08
8,1.51392e-08
8,1.51392e-08
8,1.51392e-08
8,1.51392e-08
8,1.46561e-08
8,7.81921e-09
8,7.81921e-09
8,6.69909e-09
8,6.19962e-09
8,4.94741e-09
8,2.39112e-09
8,2.39112e-09
8,1.12227e-09
8,1.12227e-09
8,9.50923e-10
8,9.50923e-10
8,9.50923e-10
8,9.50923e-10
8,4.84544e-10
8,4.84544e-10
8,4.84544e-10
8,4.84544e-10
8,4.84544e-10
8,3.60401e-10
8,3.60401e-10
8,3.60401e-10
8,3.56224e-10
8,2.29949e-10
8,2.19021e-10
8,1.2062e-10
8,1.1073e-10
8,1.1073e-10
8,8.91533e-11
8,6.62371e-11
8,6.62371e-11
8,6.62371e-11
8,6.62371e-11
8,3.06894e-11
8,2.63205e-11
8,2.63205e-11
8,1.2842e-11
8,1.14967e-11
8,1.14967e-11
8,1.14967e-11
8,1.14967e-11
8,9.05934e-12
8,8.81178e-12
8,5.0057e-12
8,5.0057e-12
8,3.79385e-12
8,3.79385e-12
8,3.03594e-12
8,3.03594e-12
8,3.03594e-12
8,3.03594e-12
8,2.63662e-12
8,2.43665e-12
8,1.43207e-12
8,8.00038e-13
8,6.96522e-13
8,6.96522e-13
8,2.24182e-13
8,2.24182e-13
8,2.24182e-13
8,2.24182e-13
8,2.24182e-13
8,2.24182e-13
8,2.24182e-13
8,1.92254e-13
8,1.92254e-13
8,1.62687e-13
8,6.30697e-14
8,6.30697e-14
8,3.28946e-14
8,3.28946e-14
8,7.69859e-15
8,7.69859e-15
8,7.69859e-15
8,7.69859e-15
8,7.69859e-15
8,7.69859e-15
8,6.20572e-15
8,5.49319e-15
8,2.04565e-15
8,2.04565e-15
8,2.04565e-15
8,2.04565e-15
8,2.04565e-15
8,1.81012e-15
8,1.81012e-15
8,1.81012e-15
8,1.75981e-15
8,1.31427e-15
8,1.31427e-15
8,4.86147e-16
8,4.86147e-16
8,4.86147e-16
8,4.86147e-16
8,4.86147e-16
8,4.86147e-16
8,2.92831e-16
8,1.57611e-16
8,1.35941e-16
8,1.35941e-16
8,1.02671e-16
8,8.88425e-17
8,6.1468e-17
8,6.1468e-17
8,6.1468e-17
8,6.1468e-17
8,4.57379e-17
8,3.21059e-17
8,3.21059e-17
8,3.1914e-17
8,3.1914e-17
8,3.1914e-17
8,2.59444e-17
8,1.61677e-17
8,1.35498e-17
8,7.20109e-18
8,7.20109e-18
8,4.6758e-18
8,4.6758e-18
8,2.17366e-18
8,2.17366e-18
8,2.17366e-18
8,2.17366e-18
8,2.07059e-18
8,2.07059e-18
8,2.07059e-18
8,2.07059e-18
8,8.78713e-19
8,8.78713e-19
8,6.78816e-19
8,6.78816e-19
8,6.78816e-19
8,6.78816e-19
8,4.98952e-19
8,4.98952e-19
8,3.90739e-19
8,1.17094e-19
8,1.17094e-19
8,1.16664e-19
8,2.29162e-20
8,2.29162e-20
8,2.29162e-20
8,2.29162e-20
8,2.29162e-20
8,2.29162e-20
8,2.29162e-20
8,2.29162e-20
8,2.29162e-20
8,1.45432e-20
8,7.54603e-21
8,7.54603e-21
8,7.54603e-21
8,7.54603e-21
8,7.54603e-21
8,3.5125e-21
8,3.5125e-21
8,3.5125e-21
8,3.5125e-21
8,2.32234e-21
8,1.51521e-21
8,1.51521e-21
8,1.00781e-21
8,4.77313e-22
8,3.4686e-22
8,3.4686e-22
8,2.35779e-22
8,2.35779e-22
8,2.35779e-22
8,2.35779e-22
8,2.35779e-22
8,1.55899e-22
8,1.24762e-22
8,7.38345e-23
8,5.66285e-23
8,4.61925e-23
8,4.61925e-23
8,1.13221e-23
8,8.63783e-24
8,8.63783e-24
8,8.63783e-24
8,8.63783e-24
8,5.0646e-24
8,5.0646e-24
8,5.0646e-24
8,2.55659e-24
8,2.54231e-24
8,2.54231e-24
8,1.20469e-24
8,1.20469e-24
8,1.20469e-24
8,1.20469e-24
8,7.59003e-25
8,7.06988e-25
8,7.06988e-25
8,1.741e-25
8,1.741e-25
8,1.741e-25
8,1.741e-25
8,1.64974e-25
8,1.64974e-25
8,1.60654e-25
8,1.60654e-25
8,1.60654e-25
8,1.60654e-25
8,1.60654e-25
8,1.60654e-25
8,1.47392e-25
8,1.16367e-25
8,1.16367e-25
8,5.26252e-26
8,5.26252e-26
8,5.26252e-26
8,5.26252e-26
8,5.26252e-26
8,4.64974e-26
8,2.85138e-26
8,2.7412e-26
8,2.7412e-26
8,2.70742e-26
8,9.03515e-27
8,9.03515e-27
8,9.03515e-27
8,9.03515e-27
8,7.66e-27
8,6.96759e-27
8,6.96759e-27
8,6.96759e-27
8,6.33311e-27
8,3.60935e-27
8,1.42924e-27
8,1.42924e-27
8,1.42924e-27
8,1.42924e-27
8,8.43259e-28
8,3.28302e-28
8,2.40519e-28
8,2.40519e-28
8,1.7853e-28
8,8.86977e-29
8,8.86977e-29
8,8.86977e-29
8,8.86977e-29
8,8.07129e-29
8,8.36163e-30
8,8.36163e-30
8,8.36163e-30
8,8.36163e-30
8,8.36163e-30
8,8.36163e-30
8,8.36163e-30
8,4.58275e-30
8,4.58275e-30
8,4.58275e-30
8,4.58275e-30
8,4.58275e-30
8,1.71957e-30
8,1.71957e-30
8,1.71957e-30
8,1.71957e-30
8,1.62097e-30
8,1.62097e-30
8,1.62097e-30
8,4.25735e-31
8,4.25735e-31
8,4.25735e-31
8,4.25735e-31
8,4.25735e-31
8,4.25735e-31
8,4.25735e-31
8,4.13409e-31
8,4.13409e-31
8,4.13409e-31
8,2.14203e-31
8,2.14203e-31
8,2.14203e-31
8,2.14203e-31
8,1.26926e-31
8,1.26926e-31
8,1.146e-31
8,1.146e-31
8,6.43014e-32
8,2.73235e-32
8,2.73235e-32
8,1.49976e-32
8,1.49976e-32
8,1.49976e-32
8,1.49976e-32
8,1.49976e-32
8,1.49976e-32
8,1.49976e-32
8,1.49976e-32
8,1.49976e-32
8,1.49976e-32
8,1.49976e-32
8,1.49976e-32
8,1.49976e-32
8,1.49976e-32
8,1.49976e-32
8,1.49976e-32
8,1.49976e-32
8,1.49976e-32
8,1.49976e-32
8,1.49976e-32
8,1.49976e-32
8,1.49976e-32
8,1.49976e-32
8,1.49976e-32
8,1.49976e-32
8,1.49976e-32
8,1.49976e-32
8,1.49976e-32
8,1.49976e-32
8,1.49976e-32
8,1.49976e-32
8,1.49976e-32
8,1.49976e-32
8,1.49976e-32
8,1.49976e-32
8,1.49976e-32
8,1.49976e-32
8,1.49976e-32
8,1.49976e-32
8,1.49976e-32
8,1.49976e-32
8,1.49976e-32
8,1.49976e-32
8,1.49976e-32
8,1.49976e-32
8,1.49976e-32
8,1.49976e-32
8,1.49976e-32
8,1.49976e-32
8,1.49976e-32
8,1.49976e-32
8,1.49976e-32
8,1.49976e-32
8,1.49976e-32
8,1.49976e-32
8,1.49976e-32
8,1.49976e-32
8,1.49976e-32
8,1.49976e-32
8,1.49976e-32
8,1.49976e-32
8,1.49976e-32
8,1.49976e-32
8,1.49976e-32
8,1.49976e-32
8,1.49976e-32
8,1.49976e-32
8,1.49976e-32
8,1.49976e-32
8,1.49976e-32
8,1.49976e-32
8,1.49976e-32
8,1.49976e-32
8,1.49976e-32
8,1.49976e-32
8,1.49976e-32
8,1.49976e-32
8,1.49976e-32
8,1.49976e-32
8,1.49976e-32
8,1.49976e-32
8,1.49976e-32
8,1.49976e-32
8,1.49976e-32
8,1.49976e-32
8,1.49976e-32
8,1.49976e-32
8,1.49976e-32
8,1.49976e-32
8,1.49976e-32
8,1.49976e-32
8,1.49976e-32
8,1.49976e-32
8,1.49976e-32
8,1.49976e-32
8,1.49976e-32
8,1.49976e-32
8,1.49976e-32
8,1.49976e-32
8,1.49976e-32
8,1.49976e-32
8,1.49976e-32
8,1.49976e-32
8,1.49976e-32
8,1.49976e-32
8,1.49976e-32
8,1.49976e-32
8,1.49976e-32
8,1.49976e-32
8,1.49976e-32
8,1.49976e-32
8,1.49976e-32
8,1.49976e-32
8,1.49976e-32
8,1.49976e-32
8,1.49976e-32
8,1.49976e-32
8,1.49976e-32
8,1.49976e-32
8,1.49976e-32
9,1.22138
9,1.22138
9,1.22138
9,1.1995
9,1.1995
9,1.09651
9,1.09651
9,0.832569
9,0.832569
9,0.832569
9,0.832569
9,0.804682
9,0.516538
9,0.338884
9,0.286794
9,0.173487
9,0.16572
9,0.162192
9,0.110008
9,0.0135687
9,0.0135687
9,0.0135687
9,0.0135687
9,0.0127167
9,0.0127167
9,0.00667007
9,0.00667007
9,0.00667007
9,0.00667007
9,0.00390375
9,0.00381957
9,0.00381957
9,0.00381957
9,0.00381957
9,0.00381957
9,0.00381957
9,0.00381957
9,0.00381957
9,0.00299226
9,0.00292463
9,0.00292463
9,0.00148557
9,0.000942382
9,0.000505769
9,0.000505769
9,0.000111867
9,0.000111867
9,0.000111867
9,0.000111867
9,0.000111867
9,9.60937e-05
9,6.97273e-06
9,6.97273e-06
9,6.97273e-06
9,6.97273e-06
9,6.97273e-06
9,6.97273e-06
9,6.97273e-06
9,6.97273e-06
9,6.83304e-06
9,6.83304e-06
9,6.83304e-06
9,6.83304e-06
9,6.83304e-06
9,5.01614e-06
9,4.98762e-06
9,3.12473e-06
9,2.81643e-06
9,2.25793e-06
9,5.68115e-07
9,5.68115e-07
9,5.68115e-07
9,5.53034e-07
9,5.53034e-07
9,3.92714e-07
9,3.92714e-07
9,3.92714e-07
9,3.92714e-07
9,3.92714e-07
9,2.66658e-07
9,2.66658e-07
9,2.24788e-07
9,2.24788e-07
9,4.37824e-08
9,4.37824e-08
9,4.37824e-08
9,4.37824e-08
9,4.37824e-08
9,4.37824e-08
9,4.37824e-08
9,4.37824e-08
9,4.37824e-08
9,4.37824e-08
9,4.37824e-08
9,2.96515e-08
9,1.45327e-08
9,5.4082e-09
9,5.4082e-09
9,5.4082e-09
9,2.64821e-09
9,2.64821e-09
9,2.64821e-09
9,3.00264e-10
9,3.00264e-10
9,3.00264e-10
9,3.00264e-10
9,3.00264e-10
9,3.00264e-10
9,3.00264e-10
9,3.00264e-10
9,3.00264e-10
9,3.00264e-10
9,1.14675e-10
9,1.14675e-10
9,4.67472e-11
9,4.67472e-11
9,4.67472e-11
9,4.67472e-11
9,4.67472e-11
9,4.67472e-11
9,4.67472e-11
9,4.67472e-11
9,2.23598e-11
9,2.23598e-11
9,2.23598e-11
9,1.6775e-11
9,2.7102e-12
9,2.7102e-12
9,2.7102e-12
9,2.7102e-12
9,2.7102e-12
9,2.7102e-12
9,2.7102e-12
9,2.7102e-12
9,2.30714e-12
9,2.30139e-12
9,1.45455e-12
9,1.19472e-12
9,1.19472e-12
9,6.39363e-13
9,6.32047e-13
9,4.94962e-13
9,4.94962e-13
9,4.94962e-13
9,4.94962e-13
9,4.72374e-13
9,4.42065e-13
9,4.33119e-13
9,3.06543e-13
9,3.06543e-13
9,2.32053e-13
9,1.45243e-13
9,1.45243e-13
9,1.45243e-13
9,1.00818e-13
9,1.00818e-13
9,6.85842e-14
9,6.85842e-14
9,6.85842e-14
9,6.85842e-14
9,1.50451e-14
9,1.50451e-14
9,1.50451e-14
9,1.34369e-14
9,1.12325e-14
9,1.12325e-14
9,1.12325e-14
9,6.09897e-15
9,6.09897e-15
9,5.69859e-15
9,3.26975e-15
9,3.26975e-15
9,2.92064e-15
9,2.5929e-15
9,1.27352e-15
9,1.27352e-15
9,1.27352e-15
9,6.34525e-16
9,6.34525e-16
9,6.34525e-16
9,6.34525e-16
9,6.34525e-16
9,6.34525e-16
9,6.34525e-16
9,6.34525e-16
9,6.01344e-16
9,6.01344e-16
9,5.85911e-16
9,5.67542e-16
9,4.24388e-16
9,4.24388e-16
9,4.24388e-16
9,8.70136e-17
9,8.70136e-17
9,8.70136e-17
9,8.70136e-17
9,8.70136e-17
9,8.70136e-17
9,8.70136e-17
9,8.70136e-17
9,8.70136e-17
9,8.66823e-17
9,8.66823e-17
9,4.67426e-17
9,4.25262e-17
9,4.25262e-17
9,4.25262e-17
9,3.29854e-17
9,3.29854e-17
9,1.42763e-17
9,1.42763e-17
9,9.2968e-18
9,5.4096e-18
9,5.4096e-18
9,1.74055e-18
9,1.74055e-18
9,1.74055e-18
9,1.74055e-18
9,1.39159e-18
9,1.39159e-18
9,1.39159e-18
9,9.12476e-19
9,9.12476e-19
9,8.18469e-19
9,3.50495e-19
9,1.72053e-19
9,1.20222e-19
9,3.38725e-20
9,3.38725e-20
9,3.38725e-20
9,3.38725e-20
9,3.38725e-20
9,3.28332e-20
9,3.10513e-20
9,3.10513e-20
9,2.81358e-20
9,1.96999e-20
9,1.92133e-20
9,1.92133e-20
9,1.46611e-20
9,1.28994e-20
9,1.23551e-20
9,8.59993e-21
9,4.76233e-21
9,4.76233e-21
9,3.98517e-21
9,3.27985e-21
9,3.27985e-21
9,2.92319e-21
9,2.92319e-21
9,2.92319e-21
9,2.89685e-21
9,2.89685e-21
9,2.41761e-21
9,2.29487e-21
9,3.0382e-22
9,3.0382e-22
9,3.0382e-22
9,3.0382e-22
9,1.44121e-22
9,9.61858e-23
9,9.61858e-23
9,9.61858e-23
9,8.29062e-23
9,8.29062e-23
9,8.29062e-23
9,8.29062e-23
9,8.29062e-23
9,8.29062e-23
9,8.29062e-23
9,5.2589e-23
9,5.2589e-23
9,2.14733e-23
9,1.6799e-23
9,3.96403e-24
9,3.96403e-24
9,3.96403e-24
9,2.63636e-24
9,2.63636e-24
9,1.88532e-24
9,1.88532e-24
9,1.88532e-24
9,1.88532e-24
9,1.88532e-24
9,1.58154e-24
9,1.58154e-24
9,9.45896e-25
9,9.45896e-25
9,9.45896e-25
9,9.44318e-25
9,9.44318e-25
9,5.41749e-25
9,2.62097e-25
9,1.22266e-25
9,1.13161e-25
9,6.51895e-26
9,6.51895e-26
9,6.51895e-26
9,6.51895e-26
9,6.51895e-26
9,4.3381e-26
9,4.26765e-26
9,4.26765e-26
9,4.26765e-26
9,1.83143e-26
9,1.83143e-26
9,1.83143e-26
9,1.83143e-26
9,1.67968e-26
9,1.67968e-26
9,1.67968e-26
9,1.21872e-26
9,1.01394e-26
9,1.01394e-26
9,1.01394e-26
9,1.03711e-27
9,1.03711e-27
9,1.03711e-27
9,1.03711e-27
9,1.03711e-27
9,1.03711e-27
9,8.90997e-28
9,8.90997e-28
9,3.9316e-28
9,3.9316e-28
9,3.9316e-28
9,3.9316e-28
9,1.93224e-28
9,1.93224e-28
9,1.93224e-28
9,1.93224e-28
9,2.2434e-29
9,1.90415e-29
9,1.90415e-29
9,1.90415e-29
9,1.90415e-29
9,1.90415e-29
9,1.90415e-29
9,1.90415e-29
9,1.90415e-29
9,1.90415e-29
9,1.68393e-29
9,1.68393e-29
9,1.17502e-29
9,1.03295e-29
9,8.77208e-30
9,8.77208e-30
9,8.77208e-30
9,8.77208e-30
9,5.22694e-30
9,5.1868e-30
9,5.06048e-30
9,5.06048e-30
9,5.06048e-30
9,4.38956e-30
9,3.8226e-30
9,3.70868e-30
9,3.12569e-30
9,2.44283e-30
9,2.01938e-30
9,2.01938e-30
9,1.71957e-30
9,9.60726e-31
9,5.24342e-31
9,5.24342e-31
9,5.24342e-31
9,5.24342e-31
9,5.24342e-31
9,5.24342e-31
9,3.11816e-31
9,3.11816e-31
9,1.146e-31
9,1.146e-31
9,1.146e-31
9,1.146e-31
9,1.146e-31
9,1.146e-31
9,1.146e-31
9,1.49976e-32
9,1.49976e-32
9,1.49976e-32
9,1.49976e-32
9,1.49976e-32
9,1.49976e-32
9,1.49976e-32
9,1.49976e-32
9,1.49976e-32
9,1.49976e-32
9,1.49976e-32
9,1.49976e-32
9,1.49976e-32
9,1.49976e-32
9,1.49976e-32
9,1.49976e-32
9,1.49976e-32
9,1.49976e-32
9,1.49976e-32
9,1.49976e-32
9,1.49976e-32
9,1.49976e-32
9,1.49976e-32
9,1.49976e-32
9,1.49976e-32
9,1.49976e-32
9,1.49976e-32
9,1.49976e-32
9,1.49976e-32
9,1.49976e-32
9,1.49976e-32
9,1.49976e-32
9,1.49976e-32
9,1.49976e-32
9,1.49976e-32
9,1.49976e-32
9,1.49976e-32
9,1.49976e-32
9,1.49976e-32
9,1.49976e-32
9,1.49976e-32
9,1.49976e-32
9,1.49976e-32
9,1.49976e-32
9,1.49976e-32
9,1.49976e-32
9,1.49976e-32
9,1.49976e-32
9,1.49976e-32
9,1.49976e-32
9,1.49976e-32
9,1.49976e-32
9,1.49976e-32
9,1.49976e-32
9,1.49976e-32
9,1.49976e-32
9,1.49976e-32
9,1.49976e-32
9,1.49976e-32
9,1.49976e-32
9,1.49976e-32
9,1.49976e-32
9,1.49976e-32
9,1.49976e-32
9,1.49976e-32
9,1.49976e-32
9,1.49976e-32
9,1.49976e-32
9,1.49976e-32
9,1.49976e-32
9,1.49976e-32
9,1.49976e-32
9,1.49976e-32
9,1.49976e-32
9,1.49976e-32
9,1.49976e-32
9,1.49976e-32
9,1.49976e-32
9,1.49976e-32
9,1.49976e-32
9,1.49976e-32
9,1.49976e-32
9,1.49976e-32
9,1.49976e-32
9,1.49976e-32
9,1.49976e-32
9,1.49976e-32
9,1.49976e-32
9,1.49976e-32
9,1.49976e-32
9,1.49976e-32
9,1.49976e-32
9,1.49976e-32
9,1.49976e-32
9,1.49976e-32
9,1.49976e-32
9,1.49976e-32
9,1.49976e-32
9,1.49976e-32
9,1.49976e-32
9,1.49976e-32
9,1.49976e-32
9,1.49976e-32
9,1.49976e-32
9,1.49976e-32
9,1.49976e-32
9,1.49976e-32
9,1.49976e-32
9,1.49976e-32
9,1.49976e-32
9,1.49976e-32
9,1.49976e-32
9,1.49976e-32
9,1.49976e-32
9,1.49976e-32
9,1.49976e-32
9,1.49976e-32
9,1.49976e-32
9,1.49976e-32
9,1.49976e-32
9,1.49976e-32
9,1.49976e-32
10,0.249193
10,0.12005
10,0.12005
10,0.116159
10,0.116159
10,0.116159
10,0.0857025
10,0.0857025
10,0.0857025
10,0.0857025
10,0.0857025
10,0.0857025
10,0.0106237
10,0.0106237
10,0.0106237
10,0.0106237
10,0.0106237
10,0.0106237
10,0.00233743
10,0.00233743
10,0.00233743
10,0.00129947
10,0.00129947
10,0.00129947
10,0.00109805
10,0.000381857
10,0.000381857
10,0.000381857
10,0.000381857
10,0.000381857
10,0.000381857
10,0.000381857
10,0.000381857
10,0.000381857
10,0.000381857
10,0.000381857
10,0.000381857
10,0.000381857
10,0.000340231
10,0.000340231
10,0.000216081
10,0.000155237
10,0.000155237
10,0.000122495
10,8.45513e-05
10,8.22035e-05
10,8.22035e-05
10,8.0001e-05
10,8.0001e-05
10,8.0001e-05
10,4.10619e-05
10,2.73e-05
10,2.73e-05
10,2.73e-05
10,1.60336e-05
10,1.60336e-05
10,8.59589e-06
10,8.59589e-06
10,7.7711e-06
10,7.7711e-06
10,3.65674e-06
10,3.65674e-06
10,3.55109e-06
10,3.19863e-06
10,3.19863e-06
10,3.19863e-06
10,3.19863e-06
10,1.14181e-06
10,1.14181e-06
10,1.14181e-06
10,1.14181e-06
10,1.14181e-06
10,1.14181e-06
10,1.02673e-06
10,1.02673e-06
10,4.85529e-07
10,4.85529e-07
10,1.72695e-07
10,1.72695e-07
10,1.48488e-07
10,1.48488e-07
10,1.48488e-07
10,1.48488e-07
10,7.16995e-08
10,6.8287e-08
10,6.8287e-08
10,6.8287e-08
10,6.8287e-08
10,3.55375e-08
10,3.55375e-08
10,1.85598e-08
10,1.85598e-08
10,1.58272e-08
10,1.58272e-08
10,1.58272e-08
10,1.58272e-08
10,1.58272e-08
10,1.38609e-08
10,1.69134e-09
10,1.69134e-09
10,1.52596e-09
10,1.52596e-09
10,1.52596e-09
10,1.52596e-09
10,1.46444e-09
10,1.32532e-09
10,1.32532e-09
10,3.695e-10
10,3.695e-10
10,3.695e-10
10,3.695e-10
10,3.695e-10
10,3.695e-10
10,3.695e-10
10,3.695e-10
10,3.695e-10
10,3.53507e-10
10,2.04495e-10
10,2.04495e-10
10,1.65623e-10
10,1.65623e-10
10,1.65623e-10
10,1.07891e-10
10,9.72532e-11
10,9.72532e-11
10,9.72532e-11
10,9.72532e-11
10,4.43294e-11
10,4.43294e-11
10,4.43294e-11
10,2.43006e-11
10,2.43006e-11
10,1.68715e-11
10,1.68715e-11
10,1.68715e-11
10,1.41466e-11
10,1.32111e-11
10,5.81759e-12
10,5.81759e-12
10,3.92202e-12
10,3.47995e-12
10,3.47995e-12
10,3.47995e-12
10,3.47995e-12
10,3.47995e-12
10,3.47995e-12
10,3.47995e-12
10,3.47995e-12
10,2.16074e-12
10,9.18354e-13
10,6.5732e-13
10,4.42227e-13
10,2.31784e-13
10,2.31784e-13
10,1.23415e-13
10,8.75389e-14
10,8.75389e-14
10,5.65277e-14
10,3.63101e-14
10,3.63101e-14
10,3.63101e-14
10,3.63101e-14
10,2.40266e-14
10,2.40266e-14
10,2.40266e-14
10,2.40266e-14
10,2.09576e-14
10,2.09576e-14
10,2.03774e-14
10,2.03774e-14
10,1.36413e-14
10,1.062e-14
10,1.062e-14
10,8.00982e-15
10,8.00982e-15
10,5.30573e-15
10,5.30573e-15
10,5.30573e-15
10,5.30573e-15
10,5.30573e-15
10,5.30573e-15
10,2.92e-15
10,2.92e-15
10,2.92e-15
10,1.50542e-15
10,1.50542e-15
10,1.50542e-15
10,1.25356e-15
10,1.07945e-15
10,1.07945e-15
10,5.6155e-16
10,5.6155e-16
10,5.01694e-16
10,5.01694e-16
10,5.01694e-16
10,4.48958e-16
10,4.24407e-16
10,4.24407e-16
10,2.79558e-16
10,2.79558e-16
10,2.79558e-16
10,3.70588e-17
10,3.70588e-17
10,3.70588e-17
10,3.69979e-17
10,3.69979e-17
10,2.27796e-17
10,2.27796e-17
10,2.27796e-17
10,2.27796e-17
10,2.22547e-17
10,2.22148e-17
10,2.22148e-17
10,1.38096e-17
10,1.38096e-17
10,1.38096e-17
10,5.64406e-18
10,2.38342e-18
10,2.38342e-18
10,2.38342e-18
10,2.38342e-18
10,2.38342e-18
10,2.07265e-18
10,2.07265e-18
10,2.07265e-18
10,2.07265e-18
10,7.64589e-19
10,7.64589e-19
10,7.64589e-19
10,7.64589e-19
10,7.64589e-19
10,5.06739e-19
10,3.26023e-19
10,3.26023e-19
10,3.26023e-19
10,2.18798e-19
10,1.11702e-19
10,1.11702e-19
10,1.11702e-19
10,1.11702e-19
10,2.78452e-20
10,2.78452e-20
10,2.78452e-20
10,1.54248e-20
10,1.54248e-20
10,1.24908e-20
10,1.24908e-20
10,1.24908e-20
10,9.90522e-21
10,9.90522e-21
10,1.08378e-21
10,1.08378e-21
10,1.08378e-21
10,1.08378e-21
10,1.08378e-21
10,1.08378e-21
10,1.08378e-21
10,7.70455e-22
10,7.70455e-22
10,4.21313e-22
10,4.21313e-22
10,4.21313e-22
10,4.21313e-22
10,4.21313e-22
10,2.84999e-22
10,2.42209e-22
10,2.42209e-22
10,2.42209e-22
10,2.06898e-22
10,2.06898e-22
10,1.17317e-22
10,1.17317e-22
10,1.17317e-22
10,1.03145e-22
10,1.03145e-22
10,3.75103e-23
10,3.75103e-23
10,3.75103e-23
10,3.75103e-23
10,3.75103e-23
10,2.0254e-23
10,2.0254e-23
10,1.13267e-23
10,4.7831e-24
10,4.7831e-24
10,3.18682e-24
10,3.18682e-24
10,3.18682e-24
10,3.18682e-24
10,3.18682e-24
10,3.18682e-24
10,3.18682e-24
10,1.98122e-24
10,1.54099e-24
10,1.54099e-24
10,1.54099e-24
10,1.54099e-24
10,1.09137e-24
10,1.09137e-24
10,3.15944e-25
10,3.15944e-25
10,3.15944e-25
10,3.15944e-25
10,3.15944e-25
10,3.15944e-25
10,2.83945e-25
10,2.83945e-25
10,2.83945e-25
10,2.83945e-25
10,2.04727e-25
10,1.9262e-25
10,1.18098e-25
10,1.04547e-25
10,1.00724e-25
10,1.87733e-26
10,1.87733e-26
10,1.87733e-26
10,1.87733e-26
10,1.87733e-26
10,1.85775e-26
10,1.85775e-26
10,1.7394e-26
10,1.70631e-26
10,1.06601e-26
10,9.51822e-27
10,6.77616e-27
10,6.77616e-27
10,6.33453e-27
10,6.33453e-27
10,2.99278e-27
10,2.36588e-27
10,2.36588e-27
10,1.67267e-27
10,8.14108e-28
10,8.14108e-28
10,6.56511e-28
10,6.56511e-28
10,6.56511e-28
10,4.63415e-28
10,4.63415e-28
10,4.63415e-28
10,4.25569e-28
10,4.25569e-28
10,4.25569e-28
10,2.05144e-28
10,1.65974e-28
10,1.65974e-28
10,1.65974e-28
10,1.63028e-28
10,1.63028e-28
10,1.27668e-28
10,1.27668e-28
10,5.97395e-29
10,5.97395e-29
10,5.97395e-29
10,5.97395e-29
10,5.97395e-29
10,4.50872e-29
10,4.50872e-29
10,4.50872e-29
10,3.11963e-29
10,3.11963e-29
10,1.34439e-29
10,1.34439e-29
10,1.25767e-29
10,9.99195e-30
10,9.99195e-30
10,9.41912e-30
10,4.49452e-30
10,4.49452e-30
10,3.75569e-30
10,3.75569e-30
10,3.7329e-30
10,2.172e-30
10,2.172e-30
10,2.09869e-30
10,2.09869e-30
10,2.09869e-30
10,6.43014e-32
10,6.43014e-32
10,6.43014e-32
10,6.43014e-32
10,6.43014e-32
10,6.43014e-32
10,6.43014e-32
10,6.43014e-32
10,6.43014e-32
10,6.43014e-32
10,1.49976e-32
10,1.49976e-32
10,1.49976e-32
10,1.49976e-32
10,1.49976e-32
10,1.49976e-32
10,1.49976e-32
10,1.49976e-32
10,1.49976e-32
10,1.49976e-32
10,1.49976e-32
10,1.49976e-32
10,1.49976e-32
10,1.49976e-32
10,1.49976e-32
10,1.49976e-32
10,1.49976e-32
10,1.49976e-32
10,1.49976e-32
10,1.49976e-32
10,1.49976e-32
10,1.49976e-32
10,1.49976e-32
10,1.49976e-32
10,1.49976e-32
10,1.49976e-32
10,1.49976e-32
10,1.49976e-32
10,1.49976e-32
10,1.49976e-32
10,1.49976e-32
10,1.49976e-32
10,1.49976e-32
10,1.49976e-32
10,1.49976e-32
10,1.49976e-32
10,1.49976e-32
10,1.49976e-32
10,1.49976e-32
10,1.49976e-32
10,1.49976e-32
10,1.49976e-32
10,1.49976e-32
10,1.49976e-32
10,1.49976e-32
10,1.49976e-32
10,1.49976e-32
10,1.49976e-32
10,1.49976e-32
10,1.49976e-32
10,1.49976e-32
10,1.49976e-32
10,1.49976e-32
10,1.49976e-32
10,1.49976e-32
10,1.49976e-32
10,1.49976e-32
10,1.49976e-32
10,1.49976e-32
10,1.49976e-32
10,1.49976e-32
10,1.49976e-32
10,1.49976e-32
10,1.49976e-32
10,1.49976e-32
10,1.49976e-32
10,1.49976e-32
10,1.49976e-32
10,1.49976e-32
10,1.49976e-32
10,1.49976e-32
10,1.49976e-32
10,1.49976e-32
10,1.49976e-32
10,1.49976e-32
10,1.49976e-32
10,1.49976e-32
10,1.49976e-32
10,1.49976e-32
10,1.49976e-32
10,1.49976e-32
10,1.49976e-32
10,1.49976e-32
10,1.49976e-32
10,1.49976e-32
10,1.49976e-32
10,1.49976e-32
10,1.49976e-32
10,1.49976e-32
10,1.49976e-32
10,1.49976e-32
10,1.49976e-32
10,1.49976e-32
10,1.49976e-32
10,1.49976e-32
10,1.49976e-32
10,1.49976e-32
10,1.49976e-32
10,1.49976e-32
10,1.49976e-32
10,1.49976e-32
10,1.49976e-32
10,1.49976e-32
10,1.49976e-32
10,1.49976e-32
10,1.49976e-32
10,1.49976e-32
10,1.49976e-32
10,1.49976e-32
10,1.49976e-32
10,1.49976e-32
10,1.49976e-32
11,0.604364
11,0.604364
11,0.454213
11,0.454213
11,0.440829
11,0.440829
11,0.421614
11,0.274522
11,0.268416
11,0.268416
11,0.268416
11,0.268416
11,0.268416
11,0.202927
11,0.0605997
11,0.0605997
11,0.0605997
11,0.0285007
11,0.0285007
11,0.0285007
11,0.0285007
11,0.0285007
11,0.0285007
11,0.0285007
11,0.0243332
11,0.0243332
11,0.00656291
11,0.00656291
11,0.00656291
11,0.00588706
11,0.00435035
11,0.00385556
11,0.00385556
11,0.00385556
11,0.00298609
11,0.00186654
11,0.00186654
11,0.00183107
11,0.00183107
11,0.00183107
11,0.000720842
11,0.000720842
11,0.000561285
11,0.000561285
11,0.000257268
11,0.000257268
11,0.000257268
11,0.000257268
11,0.000257268
11,0.000158804
11,0.000158804
11,2.48327e-05
11,2.437e-05
11,1.51798e-05
11,1.51798e-05
11,1.51798e-05
11,1.51798e-05
11,9.57251e-06
11,4.2276e-06
11,4.2276e-06
11,4.2276e-06
11,4.2276e-06
11,4.2276e-06
11,4.2276e-06
11,4.2276e-06
11,4.2276e-06
11,1.36196e-06
11,1.36196e-06
11,1.36196e-06
11,1.36196e-06
11,1.36196e-06
11,1.36196e-06
11,5.64512e-07
11,2.88789e-07
11,2.88789e-07
11,2.88789e-07
11,2.88789e-07
11,2.88789e-07
11,2.05521e-07
11,2.05521e-07
11,2.05521e-07
11,2.05521e-07
11,2.05521e-07
11,2.05521e-07
11,2.05521e-07
11,2.05521e-07
11,1.86181e-07
11,1.86181e-07
11,1.21494e-07
11,4.93479e-08
11,4.93479e-08
11,4.93479e-08
11,4.93479e-08
11,4.93479e-08
11,4.12825e-08
11,3.87516e-08
11,3.87516e-08
11,3.87516e-08
11,1.70738e-08
11,1.70738e-08
11,1.70738e-08
11,5.36973e-09
11,2.7962e-09
11,2.7962e-09
11,2.7962e-09
11,2.7962e-09
11,2.7962e-09
11,2.7962e-09
11,2.41975e-09
11,2.41975e-09
11,2.02425e-09
11,1.33382e-09
11,1.33382e-09
11,9.5509e-10
11,9.5509e-10
11,3.184e-10
11,3.184e-10
11,3.184e-10
11,1.65731e-10
11,1.65731e-10
11,1.65731e-10
11,1.65731e-10
11,1.65731e-10
11,1.65731e-10
11,1.65731e-10
11,1.65731e-10
11,1.65731e-10
11,1.65731e-10
11,1.65731e-10
11,1.65731e-10
11,1.65731e-10
11,1.29953e-10
11,7.99405e-11
11,7.01289e-11
11,7.01289e-11
11,1.23133e-11
11,1.23133e-11
11,5.61372e-12
11,5.61372e-12
11,5.61372e-12
11,5.29306e-12
11,5.29306e-12
11,4.35279e-12
11,2.75934e-12
11,2.75934e-12
11,2.75934e-12
11,1.90957e-12
11,1.90957e-12
11,1.90957e-12
11,1.90957e-12
11,1.665e-12
11,1.45938e-12
11,9.74748e-13
11,9.66694e-13
11,9.66694e-13
11,9.66694e-13
11,9.66694e-13
11,3.43107e-13
11,3.43107e-13
11,1.77395e-13
11,1.77395e-13
11,1.77395e-13
11,1.53514e-13
11,1.53514e-13
11,1.20743e-13
11,1.02009e-13
11,1.02009e-13
11,1.02009e-13
11,9.98061e-14
11,4.77685e-14
11,1.57986e-14
11,5.72562e-15
11,5.72562e-15
11,5.72562e-15
11,5.72562e-15
11,5.72562e-15
11,4.66541e-15
11,4.66541e-15
11,4.66541e-15
11,4.66541e-15
11,4.66541e-15
11,4.66541e-15
11,4.66541e-15
11,4.66541e-15
11,4.66541e-15
11,4.36555e-16
11,4.36555e-16
11,4.36555e-16
11,4.36555e-16
11,4.36555e-16
11,4.36555e-16
11,4.12051e-16
11,3.94671e-16
11,3.94671e-16
11,2.57167e-16
11,2.57167e-16
11,2.57167e-16
11,2.57167e-16
11,1.27915e-16
11,1.27915e-16
11,1.27915e-16
11,3.2279e-17
11,3.2279e-17
11,2.80254e-17
11,2.80254e-17
11,2.80254e-17
11,2.80254e-17
11,1.68272e-17
11,1.40465e-17
11,1.40465e-17
11,8.88546e-18
11,8.88546e-18
11,1.32735e-18
11,1.32735e-18
11,1.32735e-18
11,1.32735e-18
11,1.32735e-18
11,4.22954e-19
11,4.22954e-19
11,2.55599e-19
11,2.55599e-19
11,2.55599e-19
11,2.55599e-19
11,2.55599e-19
11,2.23125e-19
11,1.85236e-19
11,1.85101e-19
11,1.85101e-19
11,1.85101e-19
11,1.83339e-19
11,1.83339e-19
11,8.71071e-20
11,8.71071e-20
11,7.11187e-20
11,7.11187e-20
11,6.81252e-20
11,6.81252e-20
11,6.33127e-20
11,5.94028e-20
11,5.07356e-20
11,5.07356e-20
11,1.76288e-20
11,1.76288e-20
11,1.18251e-20
11,1.18251e-20
11,1.18251e-20
11,1.18251e-20
11,1.18251e-20
11,1.18251e-20
11,5.64335e-21
11,5.64335e-21
11,2.9763e-21
11,2.9763e-21
11,2.9763e-21
11,1.8712e-21
11,1.8712e-21
11,1.8712e-21
11,1.62027e-21
11,1.1454e-21
11,1.1454e-21
11,1.1454e-21
11,1.07763e-21
11,1.07763e-21
11,6.80118e-22
11,6.80118e-22
11,6.80118e-22
11,4.25417e-22
11,2.14916e-22
11,2.14916e-22
11,2.14916e-22
11,9.74337e-23
11,9.74337e-23
11,7.28036e-23
11,5.98359e-23
11,5.98359e-23
11,5.98359e-23
11,5.83843e-23
11,5.83843e-23
11,4.80859e-23
11,3.70446e-23
11,3.70446e-23
11,3.49272e-23
11,2.17955e-23
11,1.50209e-23
11,1.50209e-23
11,5.3739e-24
11,5.3739e-24
11,5.34922e-24
11,5.34922e-24
11,5.16579e-24
11,5.16579e-24
11,5.16579e-24
11,3.90126e-24
11,3.90126e-24
11,3.03755e-24
11,2.0605e-24
11,2.0605e-24
11,1.79509e-24
11,1.7301e-24
11,1.7301e-24
11,1.7301e-24
11,1.37323e-24
11,4.26754e-25
11,4.26754e-25
11,4.26754e-25
11,3.31637e-25
11,2.89305e-25
11,7.37565e-26
11,7.37565e-26
11,7.37565e-26
11,7.37565e-26
11,7.37565e-26
11,7.37565e-26
11,7.37565e-26
11,7.37565e-26
11,7.37565e-26
11,7.37565e-26
11,7.37565e-26
11,7.37565e-26
11,4.77119e-26
11,2.95034e-26
11,2.95034e-26
11,1.69366e-26
11,1.69366e-26
11,9.76703e-27
11,9.76703e-27
11,7.98325e-27
11,6.91241e-27
11,6.91241e-27
11,5.39021e-27
11,3.17332e-27
11,1.66619e-27
11,1.66619e-27
11,1.2315e-27
11,1.2315e-27
11,1.2315e-27
11,1.2315e-27
11,9.05056e-28
11,9.05056e-28
11,4.25044e-28
11,4.25044e-28
11,2.9405e-28
11,2.9405e-28
11,2.9405e-28
11,2.9405e-28
11,2.9405e-28
11,2.9405e-28
11,2.9405e-28
11,2.11179e-28
11,1.82645e-28
11,1.2512e-28
11,1.2512e-28
11,1.03955e-28
11,9.3859e-29
11,9.3859e-29
11,6.30357e-29
11,6.30357e-29
11,4.21167e-29
11,3.88394e-29
11,2.64203e-29
11,1.76463e-29
11,1.76463e-29
11,1.76463e-29
11,1.76463e-29
11,1.76463e-29
11,1.76463e-29
11,1.40757e-29
11,1.40757e-29
11,9.60946e-30
11,5.37563e-30
11,5.37563e-30
11,5.37563e-30
11,1.90546e-30
11,1.90546e-30
11,1.90546e-30
11,1.90546e-30
11,1.90546e-30
11,1.80586e-30
11,1.80586e-30
11,1.80586e-30
11,1.80586e-30
11,4.58732e-31
11,2.12213e-31
11,2.12213e-31
11,2.12213e-31
11,2.12213e-31
11,2.12213e-31
11,2.12213e-31
11,2.12213e-31
11,2.12213e-31
11,2.12213e-31
11,2.12213e-31
11,6.43014e-32
11,6.43014e-32
11,1.49976e-32
11,1.49976e-32
11,1.49976e-32
11,1.49976e-32
11,1.49976e-32
11,1.49976e-32
11,1.49976e-32
11,1.49976e-32
11,1.49976e-32
11,1.49976e-32
11,1.49976e-32
11,1.49976e-32
11,1.49976e-32
11,1.49976e-32
11,1.49976e-32
11,1.49976e-32
11,1.49976e-32
11,1.49976e-32
11,1.49976e-32
11,1.49976e-32
11,1.49976e-32
11,1.49976e-32
11,1.49976e-32
11,1.49976e-32
11,1.49976e-32
11,1.49976e-32
11,1.49976e-32
11,1.49976e-32
11,1.49976e-32
11,1.49976e-32
11,1.49976e-32
11,1.49976e-32
11,1.49976e-32
11,1.49976e-32
11,1.49976e-32
11,1.49976e-32
11,1.49976e-32
11,1.49976e-32
11,1.49976e-32
11,1.49976e-32
11,1.49976e-32
11,1.49976e-32
11,1.49976e-32
11,1.49976e-32
11,1.49976e-32
11,1.49976e-32
11,1.49976e-32
11,1.49976e-32
11,1.49976e-32
11,1.49976e-32
11,1.49976e-32
11,1.49976e-32
11,1.49976e-32
11,1.49976e-32
11,1.49976e-32
11,1.49976e-32
11,1.49976e-32
11,1.49976e-32
11,1.49976e-32
11,1.49976e-32
11,1.49976e-32
11,1.49976e-32
11,1.49976e-32
11,1.49976e-32
11,1.49976e-32
11,1.49976e-32
11,1.49976e-32
11,1.49976e-32
11,1.49976e-32
11,1.49976e-32
11,1.49976e-32
11,1.49976e-32
11,1.49976e-32
11,1.49976e-32
11,1.49976e-32
11,1.49976e-32
11,1.49976e-32
11,1.49976e-32
11,1.49976e-32
11,1.49976e-32
11,1.49976e-32
11,1.49976e-32
11,1.49976e-32
11,1.49976e-32
11,1.49976e-32
11,1.49976e-32
11,1.49976e-32
11,1.49976e-32
11,1.49976e-32
11,1.49976e-32
11,1.49976e-32
11,1.49976e-32
11,1.49976e-32
11,1.49976e-32
11,1.49976e-32
11,1.49976e-32
11,1.49976e-32
11,1.49976e-32
11,1.49976e-32
11,1.49976e-32
11,1.49976e-32
11,1.49976e-32
11,1.49976e-32
11,1.49976e-32
11,1.49976e-32
11,1.49976e-32
12,1.22729
12,0.773105
12,0.773105
12,0.773105
12,0.650983
12,0.426715
12,0.254686
12,0.254686
12,0.222127
12,0.0740802
12,0.0740802
12,0.0740802
12,0.0740802
12,0.0740802
12,0.0471698
12,0.0471698
12,0.0461027
12,0.0366103
12,0.0366103
12,0.0366103
12,0.032095
12,0.032095
12,0.032095
12,0.032095
12,0.0206705
12,0.0154265
12,0.0154265
12,0.00813868
12,0.00813868
12,0.00789524
12,0.00263438
12,0.00263438
12,0.00156741
12,0.00156741
12,0.00155134
12,0.00155134
12,0.00155134
12,0.00110193
12,0.000739675
12,0.000501942
12,0.000501942
12,0.000501942
12,0.000434941
12,0.00019704
12,0.00019704
12,0.000179026
12,0.000107802
12,0.000107802
12,0.000102514
12,3.55245e-05
12,1.69373e-05
12,1.69373e-05
12,1.69373e-05
12,1.69373e-05
12,1.69373e-05
12,1.69373e-05
12,1.69373e-05
12,3.02866e-06
12,3.02866e-06
12,3.02866e-06
12,1.52595e-06
12,1.52595e-06
12,1.52595e-06
12,1.25725e-06
12,1.25725e-06
12,1.25725e-06
12,1.20529e-06
12,1.20529e-06
12,1.20529e-06
12,1.04323e-06
12,1.04323e-06
12,5.42499e-07
12,5.10122e-07
12,5.10122e-07
12,5.10122e-07
12,5.10122e-07
12,5.10122e-07
12,4.36922e-07
12,4.36922e-07
12,2.62627e-07
12,2.60658e-07
12,1.51475e-07
12,1.51475e-07
12,1.51475e-07
12,1.51475e-07
12,1.51475e-07
12,1.39166e-07
12,1.39166e-07
12,8.51557e-08
12,8.51557e-08
12,8.51557e-08
12,2.80286e-08
12,2.80286e-08
12,8.49916e-09
12,8.49916e-09
12,8.49916e-09
12,8.49916e-09
12,8.21959e-09
12,8.21959e-09
12,6.96807e-09
12,6.96807e-09
12,6.96807e-09
12,4.99905e-09
12,4.99905e-09
12,2.90666e-09
12,1.50312e-09
12,1.50312e-09
12,1.12685e-09
12,1.12685e-09
12,7.9025e-10
12,7.9025e-10
12,7.9025e-10
12,7.2162e-10
12,5.65411e-10
12,5.65411e-10
12,2.43327e-10
12,1.47901e-10
12,1.14742e-10
12,1.14742e-10
12,9.34561e-11
12,5.07456e-11
12,4.93946e-11
12,3.56157e-11
12,3.40502e-11
12,3.40502e-11
12,3.09675e-11
12,3.09675e-11
12,3.02749e-11
12,2.96339e-11
12,2.94945e-11
12,1.23883e-11
12,1.23883e-11
12,1.23883e-11
12,1.02964e-11
12,1.02964e-11
12,6.22677e-12
12,6.22677e-12
12,5.1778e-12
12,4.76758e-12
12,4.76758e-12
12,4.10425e-12
12,1.60485e-12
12,1.60485e-12
12,1.75729e-13
12,1.75729e-13
12,1.75729e-13
12,1.75729e-13
12,8.06732e-14
12,8.06732e-14
12,8.06732e-14
12,8.06732e-14
12,8.06732e-14
12,8.06732e-14
12,8.06732e-14
12,8.06732e-14
12,8.06732e-14
12,8.06732e-14
12,8.06732e-14
12,4.86958e-14
12,4.86958e-14
12,4.86958e-14
12,3.6024e-14
12,3.6024e-14
12,3.6024e-14
12,3.6024e-14
12,3.6024e-14
12,3.23791e-14
12,2.17354e-14
12,1.68891e-14
12,1.40889e-14
12,1.24867e-14
12,1.24867e-14
12,8.0435e-15
12,7.32101e-15
12,7.32101e-15
12,2.402e-15
12,1.616e-15
12,1.616e-15
12,1.52328e-15
12,1.52328e-15
12,1.52328e-15
12,1.52328e-15
12,1.52328e-15
12,1.52328e-15
12,4.93008e-16
12,2.53694e-16
12,2.42633e-16
12,2.42633e-16
12,2.42633e-16
12,1.29973e-16
12,1.29973e-16
12,5.40525e-17
12,5.40525e-17
12,5.09176e-17
12,5.09176e-17
12,1.85716e-17
12,1.15003e-17
12,1.15003e-17
12,1.15003e-17
12,1.15003e-17
12,1.00696e-17
12,1.00696e-17
12,1.00696e-17
12,9.81042e-18
12,9.81042e-18
12,6.65502e-18
12,4.86905e-18
12,4.86905e-18
12,2.88552e-18
12,1.3568e-18
12,1.3568e-18
12,1.3568e-18
12,1.3568e-18
12,1.3568e-18
12,1.3568e-18
12,1.29078e-18
12,1.09344e-18
12,3.22888e-19
12,2.00801e-19
12,2.00801e-19
12,2.00801e-19
12,2.00801e-19
12,1.60435e-19
12,1.60435e-19
12,1.60435e-19
12,1.34387e-19
12,9.93191e-20
12,9.93191e-20
12,9.93191e-20
12,9.93191e-20
12,9.93191e-20
12,6.55032e-20
12,4.76281e-20
12,4.76281e-20
12,3.46121e-20
12,1.39416e-20
12,1.39416e-20
12,1.39416e-20
12,1.35629e-20
12,1.043e-20
12,1.043e-20
12,9.08607e-21
12,8.84188e-21
12,8.84188e-21
12,8.84188e-21
12,8.84188e-21
12,6.89483e-21
12,6.89483e-21
12,6.89331e-21
12,2.76537e-21
12,2.71443e-21
12,5.75322e-22
12,5.75322e-22
12,4.48973e-22
12,4.48973e-22
12,4.48973e-22
12,4.48973e-22
12,4.48973e-22
12,4.48973e-22
12,4.48973e-22
12,4.48973e-22
12,3.45243e-22
12,3.45243e-22
12,3.45243e-22
12,9.68369e-23
12,9.68369e-23
12,9.68369e-23
12,9.68369e-23
12,8.4821e-23
12,8.4821e-23
12,8.4821e-23
12,8.4821e-23
12,4.96657e-23
12,4.96657e-23
12,3.83805e-23
12,3.83805e-23
12,2.10571e-23
12,2.10571e-23
12,1.73642e-23
12,1.46985e-24
12,1.46985e-24
12,1.46985e-24
12,1.46985e-24
12,1.46985e-24
12,2.11591e-25
12,2.11591e-25
12,2.11591e-25
12,2.11591e-25
12,2.11591e-25
12,2.11591e-25
12,2.11591e-25
12,2.11591e-25
12,2.11502e-25
12,2.11502e-25
12,2.11502e-25
12,2.11502e-25
12,2.11502e-25
12,1.16605e-25
12,5.6887e-26
12,5.6887e-26
12,5.6887e-26
12,3.98046e-26
12,3.98046e-26
12,3.98046e-26
12,3.98046e-26
12,3.98046e-26
12,3.98046e-26
12,1.82748e-26
12,1.82748e-26
12,1.82748e-26
12,1.82748e-26
12,1.82748e-26
12,7.43519e-27
12,5.92504e-27
12,5.92504e-27
12,5.92504e-27
12,5.92504e-27
12,5.92504e-27
12,5.92504e-27
12,5.92504e-27
12,5.92504e-27
12,4.83265e-27
12,2.39487e-27
12,2.39487e-27
12,1.82031e-27
12,1.70799e-27
12,1.32668e-27
12,1.32668e-27
12,1.32668e-27
12,8.49734e-28
12,5.03579e-28
12,4.68996e-28
12,4.10701e-28
12,2.95171e-28
12,2.95171e-28
12,1.73413e-28
12,1.73413e-28
12,1.52694e-28
12,1.52694e-28
12,1.34307e-28
12,7.93657e-29
12,7.93657e-29
12,5.56909e-29
12,5.56909e-29
12,5.56909e-29
12,4.36428e-29
12,2.69553e-29
12,2.69553e-29
12,2.46168e-29
12,2.46168e-29
12,2.46168e-29
12,1.64101e-29
12,1.64101e-29
12,4.09793e-30
12,4.04841e-30
12,4.04841e-30
12,2.77559e-30
12,2.77559e-30
12,2.77559e-30
12,2.77559e-30
12,7.17404e-31
12,7.17404e-31
12,7.17404e-31
12,6.10624e-31
12,6.10624e-31
12,6.10624e-31
12,4.13409e-31
12,1.26926e-31
12,1.26926e-31
12,1.26926e-31
12,6.43014e-32
12,6.43014e-32
12,6.43014e-32
12,6.43014e-32
12,6.43014e-32
12,6.43014e-32
12,6.43014e-32
12,6.43014e-32
12,1.49976e-32
12,1.49976e-32
12,1.49976e-32
12,1.49976e-32
12,1.49976e-32
12,1.49976e-32
12,1.49976e-32
12,1.49976e-32
12,1.49976e-32
12,1.49976e-32
12,1.49976e-32
12,1.49976e-32
12,1.49976e-32
12,1.49976e-32
12,1.49976e-32
12,1.49976e-32
12,1.49976e-32
12,1.49976e-32
12,1.49976e-32
12,1.49976e-32
12,1.49976e-32
12,1.49976e-32
12,1.49976e-32
12,1.49976e-32
12,1.49976e-32
12,1.49976e-32
12,1.49976e-32
12,1.49976e-32
12,1.49976e-32
12,1.49976e-32
12,1.49976e-32
12,1.49976e-32
12,1.49976e-32
12,1.49976e-32
12,1.49976e-32
12,1.49976e-32
12,1.49976e-32
12,1.49976e-32
12,1.49976e-32
12,1.49976e-32
12,1.49976e-32
12,1.49976e-32
12,1.49976e-32
12,1.49976e-32
12,1.49976e-32
12,1.49976e-32
12,1.49976e-32
12,1.49976e-32
12,1.49976e-32
12,1.49976e-32
12,1.49976e-32
12,1.49976e-32
12,1.49976e-32
12,1.49976e-32
12,1.49976e-32
12,1.49976e-32
12,1.49976e-32
12,1.49976e-32
12,1.49976e-32
12,1.49976e-32
12,1.49976e-32
12,1.49976e-32
12,1.49976e-32
12,1.49976e-32
12,1.49976e-32
12,1.49976e-32
12,1.49976e-32
12,1.49976e-32
12,1.49976e-32
12,1.49976e-32
12,1.49976e-32
12,1.49976e-32
12,1.49976e-32
12,1.49976e-32
12,1.49976e-32
12,1.49976e-32
12,1.49976e-32
12,1.49976e-32
12,1.49976e-32
12,1.49976e-32
12,1.49976e-32
12,1.49976e-32
12,1.49976e-32
12,1.49976e-32
12,1.49976e-32
12,1.49976e-32
12,1.49976e-32
12,1.49976e-32
12,1.49976e-32
12,1.49976e-32
12,1.49976e-32
12,1.49976e-32
12,1.49976e-32
12,1.49976e-32
12,1.49976e-32
12,1.49976e-32
12,1.49976e-32
12,1.49976e-32
12,1.49976e-32
12,1.49976e-32
12,1.49976e-32
12,1.49976e-32
12,1.49976e-32
12,1.49976e-32
12,1.49976e-32
12,1.49976e-32
12,1.49976e-32
12,1.49976e-32
12,1.49976e-32
12,1.49976e-32
12,1.49976e-32
12,1.49976e-32
12,1.49976e-32
12,1.49976e-32
12,1.49976e-32
12,1.49976e-32
12,1.49976e-32
12,1.49976e-32
12,1.49976e-32
12,1.49976e-32
12,1.49976e-32
12,1.49976e-32
13,0.848362
13,0.848362
13,0.466288
13,0.446647
13,0.197785
13,0.197785
13,0.197785
13,0.0136117
13,0.0136117
13,0.0136117
13,0.0136117
13,0.0136117
13,0.0136117
13,0.0136117
13,0.00954534
13,0.00954534
13,0.00954534
13,0.00525577
13,0.00525577
13,0.00482394
13,0.00411083
13,0.00411083
13,0.00036677
13,0.00036677
13,0.00036677
13,0.00036677
13,0.00036677
13,0.00036677
13,0.00036677
13,0.00036677
13,0.00036677
13,0.00036677
13,0.00036677
13,0.00036677
13,0.00036677
13,0.000362797
13,0.000349976
13,0.000349976
13,0.000208951
13,7.05256e-05
13,7.05256e-05
13,7.05256e-05
13,5.34532e-05
13,5.34532e-05
13,5.34532e-05
13,3.90137e-05
13,9.61184e-06
13,9.61184e-06
13,9.61184e-06
13,7.63676e-06
13,7.63676e-06
13,6.52738e-06
13,6.52738e-06
13,6.52738e-06
13,4.45297e-06
13,4.45297e-06
13,2.58112e-06
13,9.81478e-07
13,9.81478e-07
13,9.81478e-07
13,9.81478e-07
13,9.81478e-07
13,9.38118e-07
13,6.21284e-07
13,6.21284e-07
13,6.21284e-07
13,6.21284e-07
13,5.97557e-07
13,5.97557e-07
13,2.68429e-07
13,2.68429e-07
13,2.20921e-07
13,2.20921e-07
13,1.48684e-07
13,1.25411e-07
13,8.70397e-08
13,1.27309e-08
13,1.27309e-08
13,1.27309e-08
13,1.27309e-08
13,1.17355e-08
13,1.17355e-08
13,1.17355e-08
13,9.76199e-09
13,3.52595e-09
13,3.52595e-09
13,2.77734e-09
13,2.77734e-09
13,2.77734e-09
13,2.03805e-09
13,2.03805e-09
13,6.92547e-10
13,6.92547e-10
13,6.92547e-10
13,6.92547e-10
13,5.48497e-10
13,4.74648e-10
13,4.74648e-10
13,4.74648e-10
13,4.21735e-10
13,4.21735e-10
13,4.14755e-10
13,2.84842e-10
13,2.0149e-10
13,2.0149e-10
13,6.73874e-11
13,6.73874e-11
13,6.73874e-11
13,1.42021e-11
13,1.42021e-11
13,1.42021e-11
13,1.42021e-11
13,1.42021e-11
13,1.42021e-11
13,1.42021e-11
13,1.13199e-11
13,1.13199e-11
13,1.13199e-11
13,6.09387e-12
13,6.09387e-12
13,4.09407e-12
13,4.09407e-12
13,4.09407e-12
13,4.09407e-12
13,4.09407e-12
13,4.09407e-12
13,2.96141e-12
13,1.06119e-12
13,1.06119e-12
13,8.00492e-13
13,8.00492e-13
13,8.00492e-13
13,8.00492e-13
13,8.00492e-13
13,8.00492e-13
13,8.00492e-13
13,3.82363e-13
13,1.88575e-13
13,1.88575e-13
13,1.88575e-13
13,1.88575e-13
13,1.88575e-13
13,1.09075e-13
13,1.05068e-13
13,1.05068e-13
13,1.05068e-13
13,1.05068e-13
13,8.51207e-14
13,7.73972e-14
13,3.31978e-14
13,3.31978e-14
13,3.31978e-14
13,2.36571e-14
13,2.36571e-14
13,2.36571e-14
13,2.17948e-14
13,1.55529e-14
13,1.88467e-15
13,1.88467e-15
13,1.88467e-15
13,1.88467e-15
13,1.88467e-15
13,1.44372e-15
13,1.41519e-15
13,1.41519e-15
13,1.30896e-15
13,1.30896e-15
13,1.30896e-15
13,1.30896e-15
13,9.45947e-16
13,7.8922e-16
13,7.38799e-16
13,3.97283e-16
13,2.36992e-16
13,2.19045e-16
13,2.04054e-16
13,2.02387e-16
13,1.20632e-16
13,1.20632e-16
13,1.20632e-16
13,1.20632e-16
13,7.03375e-17
13,7.03375e-17
13,3.74503e-17
13,3.58231e-17
13,2.28367e-17
13,2.28367e-17
13,2.28367e-17
13,2.28367e-17
13,2.28367e-17
13,2.28367e-17
13,1.81425e-17
13,1.81425e-17
13,1.14148e-17
13,8.53458e-18
13,8.53458e-18
13,8.53458e-18
13,7.14477e-18
13,6.82223e-18
13,6.82223e-18
13,6.82223e-18
13,6.32571e-18
13,6.30486e-18
13,4.77467e-18
13,3.65244e-18
13,3.65244e-18
13,3.65244e-18
13,3.65244e-18
13,3.65244e-18
13,2.24164e-18
13,7.43826e-19
13,7.43826e-19
13,7.43826e-19
13,7.43826e-19
13,5.43102e-19
13,5.43102e-19
13,2.56505e-19
13,2.56505e-19
13,2.56505e-19
13,2.56505e-19
13,2.56505e-19
13,2.56505e-19
13,2.56505e-19
13,2.51627e-19
13,2.19199e-19
13,2.19199e-19
13,1.75679e-19
13,1.75679e-19
13,1.75679e-19
13,1.64816e-19
13,1.47726e-19
13,5.13635e-20
13,4.57391e-20
13,4.57391e-20
13,4.57391e-20
13,2.85281e-20
13,1.47861e-20
13,8.20791e-21
13,8.20791e-21
13,8.20791e-21
13,4.43671e-21
13,3.43269e-21
13,3.43269e-21
13,2.17002e-21
13,2.17002e-21
13,1.721e-21
13,1.721e-21
13,1.721e-21
13,1.721e-21
13,1.51199e-21
13,1.51199e-21
13,2.84885e-22
13,2.84885e-22
13,2.84885e-22
13,2.84885e-22
13,2.84885e-22
13,2.84885e-22
13,1.37936e-22
13,1.37936e-22
13,1.37936e-22
13,1.06628e-22
13,7.06596e-23
13,7.06596e-23
13,4.49068e-23
13,3.49105e-23
13,2.96033e-23
13,2.96033e-23
13,2.96033e-23
13,2.04473e-23
13,4.17154e-24
13,4.17154e-24
13,1.68103e-24
13,1.68103e-24
13,1.68103e-24
13,1.68103e-24
13,1.68103e-24
13,1.68103e-24
13,1.68103e-24
13,1.68103e-24
13,1.68103e-24
13,1.68103e-24
13,8.94478e-25
13,8.94478e-25
13,8.94478e-25
13,8.94478e-25
13,8.94478e-25
13,8.94478e-25
13,4.85391e-25
13,4.85391e-25
13,1.43759e-25
13,1.43759e-25
13,1.43759e-25
13,1.43759e-25
13,1.43759e-25
13,1.33076e-25
13,8.5164e-26
13,8.5164e-26
13,8.5164e-26
13,8.5164e-26
13,7.85252e-26
13,7.85252e-26
13,4.90603e-26
13,4.89695e-26
13,4.89695e-26
13,4.89695e-26
13,4.89695e-26
13,4.89695e-26
13,3.84467e-26
13,1.98259e-26
13,1.47369e-26
13,1.47369e-26
13,1.47369e-26
13,7.34745e-27
13,7.34745e-27
13,5.42899e-27
13,5.18646e-27
13,5.18646e-27
13,5.18646e-27
13,5.18646e-27
13,1.56626e-27
13,5.89559e-28
13,5.89559e-28
13,5.89559e-28
13,5.89559e-28
13,5.89559e-28
13,5.89559e-28
13,5.89559e-28
13,2.93908e-28
13,2.93908e-28
13,2.84847e-28
13,2.84847e-28
13,2.84847e-28
13,3.5372e-29
13,3.5372e-29
13,3.27082e-29
13,3.27082e-29
13,2.63226e-29
13,2.63226e-29
13,2.36153e-29
13,2.36153e-29
13,2.36153e-29
13,2.36153e-29
13,1.73407e-29
13,1.73407e-29
13,1.73407e-29
13,1.32546e-29
13,9.56613e-30
13,9.56613e-30
13,9.56613e-30
13,8.29158e-30
13,1.76473e-30
13,1.76473e-30
13,1.76473e-30
13,1.76473e-30
13,1.76473e-30
13,1.76473e-30
13,1.66512e-30
13,1.22973e-30
13,8.1182e-31
13,8.1182e-31
13,4.62712e-31
13,4.62712e-31
13,4.62712e-31
13,4.62712e-31
13,4.62712e-31
13,6.43014e-32
13,6.43014e-32
13,6.43014e-32
13,6.43014e-32
13,6.43014e-32
13,6.43014e-32
13,6.43014e-32
13,6.43014e-32
13,6.43014e-32
13,6.43014e-32
13,2.73235e-32
13,2.73235e-32
13,2.73235e-32
13,1.49976e-32
13,1.49976e-32
13,1.49976e-32
13,1.49976e-32
13,1.49976e-32
13,1.49976e-32
13,1.49976e-32
13,1.49976e-32
13,1.49976e-32
13,1.49976e-32
13,1.49976e-32
13,1.49976e-32
13,1.49976e-32
13,1.49976e-32
13,1.49976e-32
13,1.49976e-32
13,1.49976e-32
13,1.49976e-32
13,1.49976e-32
13,1.49976e-32
13,1.49976e-32
13,1.49976e-32
13,1.49976e-32
13,1.49976e-32
13,1.49976e-32
13,1.49976e-32
13,1.49976e-32
13,1.49976e-32
13,1.49976e-32
13,1.49976e-32
13,1.49976e-32
13,1.49976e-32
13,1.49976e-32
13,1.49976e-32
13,1.49976e-32
13,1.49976e-32
13,1.49976e-32
13,1.49976e-32
13,1.49976e-32
13,1.49976e-32
13,1.49976e-32
13,1.49976e-32
13,1.49976e-32
13,1.49976e-32
13,1.49976e-32
13,1.49976e-32
13,1.49976e-32
13,1.49976e-32
13,1.49976e-32
13,1.49976e-32
13,1.49976e-32
13,1.49976e-32
13,1.49976e-32
13,1.49976e-32
13,1.49976e-32
13,1.49976e-32
13,1.49976e-32
13,1.49976e-32
13,1.49976e-32
13,1.49976e-32
13,1.49976e-32
13,1.49976e-32
13,1.49976e-32
13,1.49976e-32
13,1.49976e-32
13,1.49976e-32
13,1.49976e-32
13,1.49976e-32
13,1.49976e-32
13,1.49976e-32
13,1.49976e-32
13,1.49976e-32
13,1.49976e-32
13,1.49976e-32
13,1.49976e-32
13,1.49976e-32
13,1.49976e-32
13,1.49976e-32
13,1.49976e-32
13,1.49976e-32
13,1.49976e-32
13,1.49976e-32
13,1.49976e-32
13,1.49976e-32
13,1.49976e-32
13,1.49976e-32
13,1.49976e-32
13,1.49976e-32
13,1.49976e-32
13,1.49976e-32
13,1.49976e-32
13,1.49976e-32
13,1.49976e-32
13,1.49976e-32
13,1.49976e-32
13,1.49976e-32
13,1.49976e-32
13,1.49976e-32
13,1.49976e-32
13,1.49976e-32
13,1.49976e-32
13,1.49976e-32
13,1.49976e-32
13,1.49976e-32
13,1.49976e-32
13,1.49976e-32
13,1.49976e-32
13,1.49976e-32
13,1.49976e-32
13,1.49976e-32
13,1.49976e-32
13,1.49976e-32
13,1.49976e-32
13,1.49976e-32
13,1.49976e-32
13,1.49976e-32
13,1.49976e-32
13,1.49976e-32
13,1.49976e-32
13,1.49976e-32
13,1.49976e-32
13,1.49976e-32
14,0.235602
14,0.235602
14,0.235602
14,0.123074
14,0.123074
14,0.123074
14,0.123074
14,0.0732714
14,0.0732714
14,0.0732714
14,0.0525672
14,0.0525672
14,0.0509966
14,0.0509966
14,0.0452697
14,0.0452697
14,0.0452697
14,0.0027218
14,0.0027218
14,0.0027218
14,0.0027218
14,0.0027218
14,0.00261034
14,0.00261034
14,0.00261034
14,0.00261034
14,0.00261034
14,0.00261034
14,0.00261034
14,0.000714751
14,0.000481521
14,0.000481521
14,0.0004798
14,0.000469316
14,0.000404346
14,0.000404346
14,0.000288689
14,0.000288689
14,0.000288689
14,0.000279099
14,0.00026705
14,0.000151662
14,0.000151662
14,0.000151662
14,0.000151662
14,0.000151662
14,0.000119212
14,0.000112889
14,9.28605e-05
14,5.59582e-05
14,4.30919e-05
14,2.87273e-05
14,8.5535e-06
14,8.5535e-06
14,8.5535e-06
14,6.93883e-06
14,6.93883e-06
14,3.44123e-06
14,3.44123e-06
14,2.5731e-06
14,2.5731e-06
14,2.5731e-06
14,2.5731e-06
14,1.06433e-06
14,1.06433e-06
14,4.27337e-07
14,4.27337e-07
14,4.27337e-07
14,4.27337e-07
14,4.27337e-07
14,4.27337e-07
14,4.27337e-07
14,4.15633e-07
14,3.01934e-07
14,2.63471e-07
14,2.63471e-07
14,1.08622e-07
14,1.08622e-07
14,1.08622e-07
14,6.51159e-08
14,4.78652e-08
14,4.78652e-08
14,4.78652e-08
14,4.78652e-08
14,4.00778e-08
14,3.87959e-08
14,3.87959e-08
14,3.69815e-08
14,3.67894e-08
14,2.34031e-08
14,1.92603e-08
14,1.18326e-08
14,5.88523e-09
14,5.88523e-09
14,5.88523e-09
14,5.88523e-09
14,5.88523e-09
14,5.88523e-09
14,5.88523e-09
14,5.88523e-09
14,4.86946e-09
14,4.86946e-09
14,4.82931e-09
14,4.76612e-09
14,3.78445e-09
14,2.97134e-09
14,2.50512e-09
14,1.6245e-09
14,5.70592e-10
14,5.70592e-10
14,4.20631e-10
14,3.44167e-10
14,3.44167e-10
14,2.04725e-10
14,2.04725e-10
14,1.23783e-10
14,1.23783e-10
14,9.84993e-11
14,7.2045e-11
14,7.2045e-11
14,7.2045e-11
14,6.60627e-11
14,6.60627e-11
14,3.95846e-11
14,3.95846e-11
14,3.95846e-11
14,2.39605e-11
14,2.39605e-11
14,2.39605e-11
14,1.10962e-11
14,4.47359e-12
14,4.47359e-12
14,1.05276e-12
14,1.05276e-12
14,1.05276e-12
14,1.05276e-12
14,1.05276e-12
14,1.05276e-12
14,1.05276e-12
14,8.01029e-13
14,8.01029e-13
14,8.01029e-13
14,8.01029e-13
14,8.01029e-13
14,8.01029e-13
14,3.16906e-13
14,3.16906e-13
14,1.42444e-13
14,1.42444e-13
14,1.42444e-13
14,1.42444e-13
14,1.42444e-13
14,1.42444e-13
14,1.42444e-13
14,1.09656e-13
14,4.28268e-14
14,1.47392e-14
14,1.47392e-14
14,1.47392e-14
14,1.47392e-14
14,1.17258e-14
14,7.40584e-15
14,5.36582e-15
14,4.33662e-15
14,4.33662e-15
14,1.82402e-15
14,1.82402e-15
14,1.20465e-15
14,1.20465e-15
14,1.20465e-15
14,1.20465e-15
14,6.62979e-16
14,6.62979e-16
14,6.62979e-16
14,6.55138e-16
14,6.55138e-16
14,6.55138e-16
14,2.33109e-16
14,2.33109e-16
14,1.4222e-16
14,1.4222e-16
14,3.34123e-17
14,3.34123e-17
14,3.34123e-17
14,3.34123e-17
14,3.34123e-17
14,2.55631e-17
14,1.01633e-17
14,1.01633e-17
14,1.01633e-17
14,8.47659e-18
14,5.01891e-18
14,4.02977e-18
14,4.02977e-18
14,2.54918e-18
14,2.54918e-18
14,2.54918e-18
14,2.54918e-18
14,1.17848e-18
14,1.03053e-18
14,1.03053e-18
14,1.03053e-18
14,1.03053e-18
14,9.60726e-19
14,7.83556e-19
14,5.57029e-19
14,5.11571e-19
14,5.11571e-19
14,5.11571e-19
14,5.08887e-19
14,5.08887e-19
14,5.08887e-19
14,3.40391e-19
14,3.28857e-19
14,1.06891e-19
14,1.06891e-19
14,4.18343e-20
14,4.18343e-20
14,4.18343e-20
14,4.18343e-20
14,4.18343e-20
14,4.18343e-20
14,4.18343e-20
14,4.18343e-20
14,4.18343e-20
14,3.29023e-20
14,3.29023e-20
14,1.9119e-21
14,1.9119e-21
14,1.9119e-21
14,1.9119e-21
14,1.9119e-21
14,1.9119e-21
14,1.9119e-21
14,1.2058e-21
14,1.2058e-21
14,7.24986e-22
14,7.24986e-22
14,5.71724e-22
14,1.46036e-22
14,1.46036e-22
14,1.46036e-22
14,1.46036e-22
14,1.46036e-22
14,1.46036e-22
14,1.37061e-22
14,1.37061e-22
14,1.37061e-22
14,1.37061e-22
14,1.07294e-22
14,8.33188e-23
14,7.03311e-23
14,5.52354e-23
14,3.53422e-23
14,3.53422e-23
14,3.53422e-23
14,2.94485e-23
14,1.64726e-23
14,3.53102e-24
14,3.53102e-24
14,1.88906e-24
14,1.88906e-24
14,1.88906e-24
14,1.88906e-24
14,1.88906e-24
14,1.88906e-24
14,1.88906e-24
14,1.88906e-24
14,3.89283e-25
14,3.89283e-25
14,3.89283e-25
14,3.89283e-25
14,3.89283e-25
14,3.48935e-25
14,3.48935e-25
14,3.48935e-25
14,3.48935e-25
14,3.48935e-25
14,3.48935e-25
14,1.06577e-25
14,1.06577e-25
14,1.06577e-25
14,1.06577e-25
14,1.06577e-25
14,3.27527e-26
14,3.27527e-26
14,3.27527e-26
14,3.27527e-26
14,3.27527e-26
14,3.27527e-26
14,1.18519e-26
14,1.18519e-26
14,1.18519e-26
14,1.18519e-26
14,1.18519e-26
14,1.18519e-26
14,1.18519e-26
14,7.601e-27
14,7.601e-27
14,7.601e-27
14,7.601e-27
14,1.28927e-27
14,7.7234e-28
14,6.62443e-28
14,4.61818e-28
14,4.61818e-28
14,4.57403e-28
14,1.67006e-28
14,1.67006e-28
14,1.67006e-28
14,1.67006e-28
14,1.67006e-28
14,1.67006e-28
14,1.01336e-28
14,4.44501e-29
14,4.44501e-29
14,4.44501e-29
14,3.25371e-29
14,3.25371e-29
14,3.15388e-29
14,3.15388e-29
14,2.02368e-29
14,2.02368e-29
14,2.02368e-29
14,1.11625e-29
14,9.38284e-30
14,9.38284e-30
14,9.38284e-30
14,9.38284e-30
14,7.34248e-30
14,7.34248e-30
14,6.01287e-30
14,3.25798e-30
14,3.25798e-30
14,3.25798e-30
14,3.25798e-30
14,2.91186e-30
14,1.41462e-30
14,1.41462e-30
14,1.41462e-30
14,2.63507e-31
14,2.63507e-31
14,2.63507e-31
14,2.63507e-31
14,2.63507e-31
14,2.26529e-31
14,1.63904e-31
14,1.63904e-31
14,1.63904e-31
14,1.63904e-31
14,2.73235e-32
14,1.49976e-32
14,1.49976e-32
14,1.49976e-32
14,1.49976e-32
14,1.49976e-32
14,1.49976e-32
14,1.49976e-32
14,1.49976e-32
14,1.49976e-32
14,1.49976e-32
14,1.49976e-32
14,1.49976e-32
14,1.49976e-32
14,1.49976e-32
14,1.49976e-32
14,1.49976e-32
14,1.49976e-32
14,1.49976e-32
14,1.49976e-32
14,1.49976e-32
14,1.49976e-32
14,1.49976e-32
14,1.49976e-32
14,1.49976e-32
14,1.49976e-32
14,1.49976e-32
14,1.49976e-32
14,1.49976e-32
14,1.49976e-32
14,1.49976e-32
14,1.49976e-32
14,1.49976e-32
14,1.49976e-32
14,1.49976e-32
14,1.49976e-32
14,1.49976e-32
14,1.49976e-32
14,1.49976e-32
14,1.49976e-32
14,1.49976e-32
14,1.49976e-32
14,1.49976e-32
14,1.49976e-32
14,1.49976e-32
14,1.49976e-32
14,1.49976e-32
14,1.49976e-32
14,1.49976e-32
14,1.49976e-32
14,1.49976e-32
14,1.49976e-32
14,1.49976e-32
14,1.49976e-32
14,1.49976e-32
14,1.49976e-32
14,1.49976e-32
14,1.49976e-32
14,1.49976e-32
14,1.49976e-32
14,1.49976e-32
14,1.49976e-32
14,1.49976e-32
14,1.49976e-32
14,1.49976e-32
14,1.49976e-32
14,1.49976e-32
14,1.49976e-32
14,1.49976e-32
14,1.49976e-32
14,1.49976e-32
14,1.49976e-32
14,1.49976e-32
14,1.49976e-32
14,1.49976e-32
14,1.49976e-32
14,1.49976e-32
14,1.49976e-32
14,1.49976e-32
14,1.49976e-32
14,1.49976e-32
14,1.49976e-32
14,1.49976e-32
14,1.49976e-32
14,1.49976e-32
14,1.49976e-32
14,1.49976e-32
14,1.49976e-32
14,1.49976e-32
14,1.49976e-32
14,1.49976e-32
14,1.49976e-32
14,1.49976e-32
14,1.49976e-32
14,1.49976e-32
14,1.49976e-32
14,1.49976e-32
14,1.49976e-32
14,1.49976e-32
14,1.49976e-32
14,1.49976e-32
14,1.49976e-32
14,1.49976e-32
14,1.49976e-32
14,1.49976e-32
14,1.49976e-32
14,1.49976e-32
14,1.49976e-32
14,1.49976e-32
14,1.49976e-32
14,1.49976e-32
14,1.49976e-32
14,1.49976e-32
14,1.49976e-32
14,1.49976e-32
14,1.49976e-32
14,1.49976e-32
14,1.49976e-32
14,1.49976e-32
14,1.49976e-32
14,1.49976e-32
14,1.49976e-32
14,1.49976e-32
14,1.49976e-32
14,1.49976e-32
14,1.49976e-32
14,1.49976e-32
14,1.49976e-32
14,1.49976e-32
14,1.49976e-32
14,1.49976e-32
14,1.49976e-32
14,1.49976e-32
14,1.49976e-32
14,1.49976e-32
14,1.49976e-32
14,1.49976e-32
14,1.49976e-32
14,1.49976e-32
14,1.49976e-32
14,1.49976e-32
14,1.49976e-32
14,1.49976e-32
14,1.49976e-32
14,1.49976e-32
14,1.49976e-32
14,1.49976e-32
14,1.49976e-32
14,1.49976e-32
14,1.49976e-32
15,2.68117
15,2.68117
15,1.08662
15,0.775098
15,0.355834
15,0.355834
15,0.355834
15,0.333672
15,0.333672
15,0.333672
15,0.269117
15,0.18638
15,0.135042
15,0.0874098
15,0.0863078
15,0.0863078
15,0.0863078
15,0.0301773
15,0.0301773
15,0.0301773
15,0.0301773
15,0.0288807
15,0.0243856
15,0.0194589
15,0.0175057
15,0.0175057
15,0.00780474
15,0.00500131
15,0.00500131
15,0.00500131
15,0.00500131
15,0.00500131
15,0.00500131
15,0.00396302
15,0.00213442
15,0.0011964
15,0.0011964
15,0.0011964
15,0.000975063
15,0.000607636
15,0.000607636
15,0.000461141
15,0.000461141
15,0.000382824
15,0.000382824
15,0.000382824
15,0.000211921
15,0.000130685
15,0.000130685
15,0.000130685
15,0.000130685
15,0.000130685
15,3.92819e-05
15,3.32999e-05
15,3.32999e-05
15,3.32999e-05
15,2.32785e-05
15,2.17056e-05
15,1.43803e-05
15,9.49756e-06
15,7.82088e-06
15,5.63067e-06
15,5.63067e-06
15,5.63067e-06
15,5.63067e-06
15,2.48171e-06
15,2.48171e-06
15,2.48171e-06
15,2.48171e-06
15,8.76379e-07
15,8.76379e-07
15,8.76379e-07
15,8.76379e-07
15,8.76379e-07
15,8.76379e-07
15,8.76379e-07
15,8.76379e-07
15,8.76379e-07
15,5.38414e-07
15,5.38414e-07
15,3.74249e-07
15,3.74249e-07
15,2.39507e-07
15,2.39507e-07
15,2.39507e-07
15,1.85415e-07
15,1.85415e-07
15,1.46614e-07
15,6.14686e-08
15,6.14686e-08
15,6.14686e-08
15,1.58352e-08
15,1.13718e-08
15,1.13718e-08
15,1.13718e-08
15,1.13718e-08
15,1.13718e-08
15,1.13718e-08
15,1.13718e-08
15,6.84045e-09
15,4.68862e-09
15,4.18926e-09
15,2.52342e-09
15,2.52342e-09
15,2.52342e-09
15,2.31941e-09
15,1.79517e-09
15,1.79517e-09
15,1.79517e-09
15,1.79517e-09
15,9.57519e-10
15,8.65335e-10
15,5.15013e-10
15,4.37114e-10
15,4.37114e-10
15,4.37114e-10
15,3.71655e-10
15,3.71655e-10
15,1.7603e-10
15,1.7603e-10
15,1.7603e-10
15,1.70175e-10
15,1.70175e-10
15,1.70175e-10
15,1.62962e-10
15,9.19357e-11
15,9.19357e-11
15,9.19357e-11
15,6.37721e-11
15,4.13774e-11
15,3.58163e-11
15,3.58163e-11
15,3.58163e-11
15,2.14176e-11
15,2.10736e-11
15,1.59281e-11
15,1.28279e-11
15,1.28279e-11
15,1.28049e-11
15,1.28049e-11
15,1.28049e-11
15,4.7914e-12
15,4.7914e-12
15,2.68628e-12
15,2.68628e-12
15,2.68628e-12
15,2.68628e-12
15,2.68628e-12
15,2.68628e-12
15,2.68628e-12
15,2.68628e-12
15,1.21703e-12
15,7.59683e-13
15,3.80434e-13
15,3.08586e-13
15,2.48081e-13
15,2.48081e-13
15,2.48081e-13
15,2.48081e-13
15,2.33653e-13
15,1.52666e-13
15,1.30535e-13
15,1.30535e-13
15,1.30535e-13
15,1.30535e-13
15,1.08482e-13
15,1.08482e-13
15,1.08482e-13
15,1.08012e-13
15,1.08012e-13
15,1.06804e-13
15,9.95106e-14
15,9.92771e-14
15,9.78955e-14
15,8.52117e-15
15,8.52117e-15
15,8.52117e-15
15,4.04627e-15
15,4.04627e-15
15,4.04627e-15
15,4.04627e-15
15,3.56693e-15
15,2.61016e-15
15,2.61016e-15
15,2.61016e-15
15,1.83266e-15
15,1.83266e-15
15,1.81492e-15
15,1.19413e-15
15,1.12865e-15
15,1.12865e-15
15,1.07294e-15
15,1.07294e-15
15,7.49319e-16
15,7.49319e-16
15,5.82901e-16
15,5.82901e-16
15,3.77065e-16
15,3.63001e-16
15,2.00627e-16
15,2.00627e-16
15,2.00627e-16
15,2.00627e-16
15,1.66349e-16
15,1.66349e-16
15,1.54749e-16
15,3.94918e-17
15,3.94918e-17
15,3.94918e-17
15,1.31123e-17
15,1.31123e-17
15,9.55029e-18
15,9.55029e-18
15,9.55029e-18
15,4.8081e-18
15,4.8081e-18
15,4.8081e-18
15,4.8081e-18
15,4.58474e-18
15,4.58474e-18
15,4.48849e-18
15,1.86992e-18
15,1.51543e-18
15,1.14221e-18
15,1.14221e-18
15,9.78095e-19
15,6.0927e-19
15,4.76429e-19
15,4.76429e-19
15,4.76429e-19
15,4.76429e-19
15,4.10549e-19
15,2.02056e-19
15,2.02056e-19
15,1.40541e-19
15,1.11016e-19
15,1.11016e-19
15,2.70961e-20
15,2.70961e-20
15,2.70961e-20
15,2.70961e-20
15,2.55644e-20
15,2.55644e-20
15,1.89356e-20
15,6.56588e-21
15,2.08985e-21
15,2.08985e-21
15,2.08985e-21
15,2.08985e-21
15,1.22283e-21
15,1.22283e-21
15,1.22283e-21
15,1.22283e-21
15,1.22283e-21
15,9.52873e-22
15,9.52873e-22
15,6.56635e-22
15,6.56635e-22
15,2.87513e-22
15,2.87513e-22
15,2.87513e-22
15,1.6e-22
15,1.6e-22
15,1.6e-22
15,1.6e-22
15,1.6e-22
15,1.5022e-22
15,1.5022e-22
15,6.36614e-23
15,6.36614e-23
15,6.36614e-23
15,6.36614e-23
15,1.88682e-23
15,1.88682e-23
15,1.88682e-23
15,1.88682e-23
15,1.88682e-23
15,1.88682e-23
15,1.61474e-23
15,8.18753e-24
15,8.18753e-24
15,8.18753e-24
15,8.18753e-24
15,8.18753e-24
15,7.67397e-24
15,3.47526e-24
15,3.38617e-24
15,8.02519e-25
15,8.02519e-25
15,8.02519e-25
15,8.02519e-25
15,8.02519e-25
15,8.02519e-25
15,6.43874e-25
15,2.54008e-25
15,2.09193e-25
15,1.73123e-25
15,1.73123e-25
15,5.79501e-26
15,5.79501e-26
15,5.79501e-26
15,5.79501e-26
15,5.79501e-26
15,5.79501e-26
15,5.79501e-26
15,5.79501e-26
15,5.79501e-26
15,4.67383e-26
15,4.67383e-26
15,2.73533e-26
15,2.73533e-26
15,1.93699e-26
15,1.93699e-26
15,1.93699e-26
15,1.93699e-26
15,1.86357e-26
15,1.86357e-26
15,1.05129e-26
15,1.05129e-26
15,1.05129e-26
15,9.49194e-27
15,9.49194e-27
15,9.49194e-27
15,9.49194e-27
15,4.20792e-27
15,1.70965e-27
15,1.20435e-27
15,3.65825e-28
15,3.65825e-28
15,3.65825e-28
15,3.65825e-28
15,3.65825e-28
15,3.65825e-28
15,3.40569e-28
15,2.08707e-28
15,2.08707e-28
15,1.54353e-28
15,1.54353e-28
15,1.54353e-28
15,1.44054e-28
15,1.44054e-28
15,1.44054e-28
15,1.0396e-28
15,1.0396e-28
15,1.0396e-28
15,1.0396e-28
15,7.35181e-29
15,7.35181e-29
15,4.04339e-29
15,3.1322e-29
15,3.1322e-29
15,3.1322e-29
15,2.93804e-29
15,2.93804e-29
15,2.93804e-29
15,2.93804e-29
15,2.79162e-29
15,2.79162e-29
15,2.76174e-29
15,2.1856e-29
15,2.11617e-29
15,1.49051e-29
15,1.49051e-29
15,6.10624e-31
15,6.10624e-31
15,6.10624e-31
15,6.10624e-31
15,6.10624e-31
15,6.10624e-31
15,6.10624e-31
15,6.10624e-31
15,6.10624e-31
15,6.10624e-31
15,6.10624e-31
15,5.13011e-31
15,5.13011e-31
15,5.13011e-31
15,4.25735e-31
15,4.13409e-31
15,4.13409e-31
15,4.13409e-31
15,6.43014e-32
15,6.43014e-32
15,6.43014e-32
15,6.43014e-32
15,6.43014e-32
15,6.43014e-32
15,1.49976e-32
15,1.49976e-32
15,1.49976e-32
15,1.49976e-32
15,1.49976e-32
15,1.49976e-32
15,1.49976e-32
15,1.49976e-32
15,1.49976e-32
15,1.49976e-32
15,1.49976e-32
15,1.49976e-32
15,1.49976e-32
15,1.49976e-32
15,1.49976e-32
15,1.49976e-32
15,1.49976e-32
15,1.49976e-32
15,1.49976e-32
15,1.49976e-32
15,1.49976e-32
15,1.49976e-32
15,1.49976e-32
15,1.49976e-32
15,1.49976e-32
15,1.49976e-32
15,1.49976e-32
15,1.49976e-32
15,1.49976e-32
15,1.49976e-32
15,1.49976e-32
15,1.49976e-32
15,1.49976e-32
15,1.49976e-32
15,1.49976e-32
15,1.49976e-32
15,1.49976e-32
15,1.49976e-32
15,1.49976e-32
15,1.49976e-32
15,1.49976e-32
15,1.49976e-32
15,1.49976e-32
15,1.49976e-32
15,1.49976e-32
15,1.49976e-32
15,1.49976e-32
15,1.49976e-32
15,1.49976e-32
15,1.49976e-32
15,1.49976e-32
15,1.49976e-32
15,1.49976e-32
15,1.49976e-32
15,1.49976e-32
15,1.49976e-32
15,1.49976e-32
15,1.49976e-32
15,1.49976e-32
15,1.49976e-32
15,1.49976e-32
15,1.49976e-32
15,1.49976e-32
15,1.49976e-32
15,1.49976e-32
15,1.49976e-32
15,1.49976e-32
15,1.49976e-32
15,1.49976e-32
15,1.49976e-32
15,1.49976e-32
15,1.49976e-32
15,1.49976e-32
15,1.49976e-32
15,1.49976e-32
15,1.49976e-32
15,1.49976e-32
15,1.49976e-32
15,1.49976e-32
15,1.49976e-32
15,1.49976e-32
15,1.49976e-32
15,1.49976e-32
15,1.49976e-32
15,1.49976e-32
15,1.49976e-32
15,1.49976e-32
15,1.49976e-32
15,1.49976e-32
15,1.49976e-32
15,1.49976e-32
15,1.49976e-32
15,1.49976e-32
15,1.49976e-32
15,1.49976e-32
15,1.49976e-32
15,1.49976e-32
15,1.49976e-32
15,1.49976e-32
15,1.49976e-32
15,1.49976e-32
15,1.49976e-32
15,1.49976e-32
15,1.49976e-32
15,1.49976e-32
15,1.49976e-32
15,1.49976e-32
15,1.49976e-32
15,1.49976e-32
15,1.49976e-32
15,1.49976e-32
15,1.49976e-32
15,1.49976e-32
16,0.651366
16,0.598132
16,0.591769
16,0.304715
16,0.292135
16,0.292135
16,0.273769
16,0.145121
16,0.145121
16,0.145121
16,0.145121
16,0.121704
16,0.121704
16,0.107946
16,0.100935
16,0.0339268
16,0.0339268
16,0.0104882
16,0.0104882
16,0.0104882
16,0.00652674
16,0.00652674
16,0.00652674
16,0.00652674
16,0.00652674
16,0.00652674
16,0.00652674
16,0.00652674
16,0.00450277
16,0.00450277
16,0.00450277
16,0.00249792
16,0.00169263
16,0.00169263
16,0.00151713
16,0.00151713
16,0.00151713
16,0.00108832
16,0.000694256
16,7.52543e-05
16,7.52543e-05
16,7.52543e-05
16,3.29679e-05
16,3.29679e-05
16,3.29679e-05
16,3.29679e-05
16,3.29679e-05
16,3.29679e-05
16,3.29679e-05
16,2.92189e-05
16,2.92189e-05
16,2.92189e-05
16,2.92189e-05
16,2.92189e-05
16,2.92189e-05
16,2.92189e-05
16,2.92189e-05
16,7.31474e-06
16,3.97338e-06
16,3.97338e-06
16,3.97338e-06
16,1.09409e-06
16,1.09409e-06
16,1.09409e-06
16,1.09409e-06
16,1.09409e-06
16,1.09409e-06
16,9.50582e-07
16,9.50582e-07
16,9.50582e-07
16,8.29114e-07
16,6.83487e-07
16,2.00021e-07
16,1.49579e-07
16,1.49579e-07
16,9.60667e-08
16,9.60667e-08
16,9.60667e-08
16,8.97483e-08
16,8.63954e-08
16,5.81488e-08
16,5.12061e-08
16,5.12061e-08
16,2.04575e-08
16,3.45749e-09
16,3.45749e-09
16,3.45749e-09
16,3.45749e-09
16,3.45749e-09
16,2.74313e-09
16,2.74313e-09
16,2.41158e-09
16,2.41158e-09
16,2.41158e-09
16,2.41158e-09
16,2.19607e-09
16,1.67094e-09
16,1.26438e-09
16,1.26438e-09
16,2.28974e-10
16,9.51887e-11
16,6.94911e-11
16,6.94911e-11
16,6.94911e-11
16,6.94911e-11
16,5.6581e-11
16,5.6581e-11
16,5.6581e-11
16,5.6581e-11
16,5.17878e-11
16,3.05129e-11
16,3.05129e-11
16,3.05129e-11
16,3.05129e-11
16,1.42912e-11
16,1.42912e-11
16,8.17809e-12
16,8.17809e-12
16,8.17809e-12
16,8.17809e-12
16,5.80895e-12
16,5.80895e-12
16,5.67845e-12
16,5.67845e-12
16,5.20877e-12
16,5.20877e-12
16,5.20877e-12
16,5.20877e-12
16,4.94201e-12
16,3.99447e-12
16,2.46583e-12
16,2.08222e-12
16,1.69212e-12
16,1.69212e-12
16,1.69212e-12
16,8.05465e-13
16,8.05465e-13
16,8.05465e-13
16,4.02523e-13
16,1.85045e-13
16,1.85045e-13
16,1.85045e-13
16,1.60781e-13
16,1.60781e-13
16,1.60781e-13
16,1.60781e-13
16,1.6052e-13
16,1.44125e-13
16,2.5756e-14
16,2.5756e-14
16,2.5756e-14
16,2.5756e-14
16,2.5756e-14
16,2.5756e-14
16,2.5756e-14
16,2.5756e-14
16,1.22226e-14
16,1.22226e-14
16,1.22226e-14
16,7.5157e-15
16,6.57016e-15
16,5.87036e-15
16,4.35916e-15
16,2.33686e-15
16,2.33686e-15
16,1.86832e-15
16,1.24547e-15
16,1.24547e-15
16,9.935e-16
16,8.34262e-16
16,4.20128e-16
16,4.20128e-16
16,2.24838e-16
16,2.24838e-16
16,2.57043e-17
16,2.57043e-17
16,2.57043e-17
16,2.57043e-17
16,2.38168e-17
16,2.38168e-17
16,1.17423e-17
16,1.17423e-17
16,1.17423e-17
16,1.17423e-17
16,1.17423e-17
16,1.17423e-17
16,1.17423e-17
16,1.17423e-17
16,1.17423e-17
16,1.07093e-17
16,1.07093e-17
16,1.07093e-17
16,1.07093e-17
16,4.59522e-18
16,1.35781e-18
16,1.35781e-18
16,8.36106e-19
16,8.36106e-19
16,8.36106e-19
16,8.36106e-19
16,7.18989e-19
16,7.18989e-19
16,7.18989e-19
16,4.32156e-19
16,4.32156e-19
16,4.32156e-19
16,4.32156e-19
16,4.32156e-19
16,4.32156e-19
16,2.216e-19
16,2.216e-19
16,2.1257e-19
16,2.1257e-19
16,1.86274e-19
16,1.86274e-19
16,1.61056e-19
16,4.24469e-20
16,4.24469e-20
16,4.24469e-20
16,7.96885e-21
16,7.96885e-21
16,7.96885e-21
16,7.96885e-21
16,7.96885e-21
16,7.96885e-21
16,7.96885e-21
16,7.25561e-21
16,7.25561e-21
16,7.23007e-21
16,6.70641e-21
16,5.21409e-21
16,5.21409e-21
16,5.21409e-21
16,3.98265e-21
16,3.98265e-21
16,2.96271e-21
16,1.31975e-21
16,1.31911e-21
16,1.29026e-21
16,1.29026e-21
16,1.29026e-21
16,1.29026e-21
16,1.20663e-21
16,1.20663e-21
16,1.04505e-21
16,9.34445e-22
16,8.18311e-22
16,7.82675e-22
16,3.43109e-22
16,3.43109e-22
16,3.43109e-22
16,2.88674e-22
16,2.21722e-22
16,2.21722e-22
16,2.21722e-22
16,1.71123e-22
16,8.38662e-23
16,8.38662e-23
16,8.38662e-23
16,8.38662e-23
16,4.58482e-23
16,4.36155e-23
16,4.36155e-23
16,2.99928e-23
16,2.52258e-23
16,2.52258e-23
16,1.24e-23
16,7.3191e-24
16,7.3191e-24
16,7.3191e-24
16,7.3191e-24
16,7.3191e-24
16,4.20545e-24
16,4.20545e-24
16,4.20545e-24
16,4.20545e-24
16,3.65889e-24
16,3.65889e-24
16,3.65889e-24
16,2.97004e-24
16,2.97004e-24
16,8.57503e-25
16,8.57503e-25
16,8.57503e-25
16,6.17678e-25
16,6.17678e-25
16,6.17678e-25
16,6.17678e-25
16,3.52995e-25
16,3.52995e-25
16,3.52995e-25
16,3.41121e-25
16,3.41121e-25
16,3.41121e-25
16,3.41121e-25
16,2.95664e-25
16,2.95664e-25
16,2.95664e-25
16,2.95664e-25
16,2.95664e-25
16,1.01657e-25
16,1.01657e-25
16,1.01657e-25
16,5.08855e-26
16,5.08855e-26
16,4.37932e-26
16,2.14456e-26
16,2.14456e-26
16,2.00407e-26
16,2.00407e-26
16,1.75407e-26
16,1.03309e-26
16,1.03309e-26
16,1.03309e-26
16,1.03309e-26
16,1.03309e-26
16,2.20129e-27
16,2.20129e-27
16,2.11481e-27
16,2.11481e-27
16,2.11481e-27
16,1.82282e-27
16,1.82282e-27
16,1.67954e-27
16,2.51704e-28
16,1.29958e-28
16,1.29958e-28
16,1.29958e-28
16,1.29958e-28
16,1.29958e-28
16,8.92856e-29
16,8.92856e-29
16,8.92856e-29
16,6.90191e-29
16,6.90191e-29
16,6.03949e-29
16,6.03949e-29
16,6.03949e-29
16,6.03949e-29
16,6.02953e-29
16,5.22114e-29
16,4.68945e-29
16,4.68945e-29
16,4.68945e-29
16,4.68945e-29
16,4.68945e-29
16,4.68945e-29
16,1.3669e-29
16,1.3669e-29
16,7.86362e-30
16,7.86362e-30
16,7.86362e-30
16,7.86362e-30
16,7.86362e-30
16,7.86362e-30
16,5.58479e-30
16,1.80586e-30
16,1.80586e-30
16,5.58335e-31
16,5.58335e-31
16,5.58335e-31
16,5.58335e-31
16,5.58335e-31
16,3.11816e-31
16,3.11816e-31
16,3.11816e-31
16,2.12213e-31
16,2.12213e-31
16,2.12213e-31
16,6.43014e-32
16,1.49976e-32
16,1.49976e-32
16,1.49976e-32
16,1.49976e-32
16,1.49976e-32
16,1.49976e-32
16,1.49976e-32
16,1.49976e-32
16,1.49976e-32
16,1.49976e-32
16,1.49976e-32
16,1.49976e-32
16,1.49976e-32
16,1.49976e-32
16,1.49976e-32
16,1.49976e-32
16,1.49976e-32
16,1.49976e-32
16,1.49976e-32
16,1.49976e-32
16,1.49976e-32
16,1.49976e-32
16,1.49976e-32
16,1.49976e-32
16,1.49976e-32
16,1.49976e-32
16,1.49976e-32
16,1.49976e-32
16,1.49976e-32
16,1.49976e-32
16,1.49976e-32
16,1.49976e-32
16,1.49976e-32
16,1.49976e-32
16,1.49976e-32
16,1.49976e-32
16,1.49976e-32
16,1.49976e-32
16,1.49976e-32
16,1.49976e-32
16,1.49976e-32
16,1.49976e-32
16,1.49976e-32
16,1.49976e-32
16,1.49976e-32
16,1.49976e-32
16,1.49976e-32
16,1.49976e-32
16,1.49976e-32
16,1.49976e-32
16,1.49976e-32
16,1.49976e-32
16,1.49976e-32
16,1.49976e-32
16,1.49976e-32
16,1.49976e-32
16,1.49976e-32
16,1.49976e-32
16,1.49976e-32
16,1.49976e-32
16,1.49976e-32
16,1.49976e-32
16,1.49976e-32
16,1.49976e-32
16,1.49976e-32
16,1.49976e-32
16,1.49976e-32
16,1.49976e-32
16,1.49976e-32
16,1.49976e-32
16,1.49976e-32
16,1.49976e-32
16,1.49976e-32
16,1.49976e-32
16,1.49976e-32
16,1.49976e-32
16,1.49976e-32
16,1.49976e-32
16,1.49976e-32
16,1.49976e-32
16,1.49976e-32
16,1.49976e-32
16,1.49976e-32
16,1.49976e-32
16,1.49976e-32
16,1.49976e-32
16,1.49976e-32
16,1.49976e-32
16,1.49976e-32
16,1.49976e-32
16,1.49976e-32
16,1.49976e-32
16,1.49976e-32
16,1.49976e-32
16,1.49976e-32
16,1.49976e-32
16,1.49976e-32
16,1.49976e-32
16,1.49976e-32
16,1.49976e-32
16,1.49976e-32
16,1.49976e-32
16,1.49976e-32
16,1.49976e-32
16,1.49976e-32
16,1.49976e-32
16,1.49976e-32
16,1.49976e-32
16,1.49976e-32
16,1.49976e-32
16,1.49976e-32
16,1.49976e-32
16,1.49976e-32
16,1.49976e-32
16,1.49976e-32
16,1.49976e-32
16,1.49976e-32
16,1.49976e-32
16,1.49976e-32
16,1.49976e-32
16,1.49976e-32
16,1.49976e-32
16,1.49976e-32
16,1.49976e-32
16,1.49976e-32
16,1.49976e-32
16,1.49976e-32
16,1.49976e-32
16,1.49976e-32
16,1.49976e-32
17,1.37689
17,0.680138
17,0.612354
17,0.173077
17,0.173077
17,0.14646
17,0.117617
17,0.0213545
17,0.0213545
17,0.0213545
17,0.0213545
17,0.0213545
17,0.0213545
17,0.0164076
17,0.0141156
17,0.0141156
17,0.0141156
17,0.00845586
17,0.00845586
17,0.00845586
17,0.00845586
17,0.00845586
17,0.00845586
17,0.00845586
17,0.0070901
17,0.00172862
17,0.000670363
17,0.000139635
17,0.000139635
17,0.000139635
17,0.000139635
17,0.000139635
17,0.000139635
17,0.000139635
17,0.000139635
17,0.000139635
17,6.70211e-05
17,6.70211e-05
17,4.4498e-05
17,4.4498e-05
17,4.4498e-05
17,1.8572e-05
17,1.8572e-05
17,1.8572e-05
17,1.4192e-05
17,8.45157e-06
17,8.45157e-06
17,8.45157e-06
17,8.45157e-06
17,4.22436e-06
17,2.32169e-06
17,2.32169e-06
17,2.32169e-06
17,2.32169e-06
17,2.32169e-06
17,1.48191e-06
17,1.11409e-06
17,1.11409e-06
17,1.07155e-06
17,1.07155e-06
17,1.07155e-06
17,1.07155e-06
17,1.03812e-06
17,1.03812e-06
17,7.73542e-07
17,7.73542e-07
17,5.40111e-07
17,5.40111e-07
17,3.24436e-07
17,1.85682e-07
17,1.66795e-07
17,1.66795e-07
17,8.30462e-08
17,8.30462e-08
17,8.30462e-08
17,6.7195e-08
17,5.336e-08
17,1.11895e-08
17,1.11895e-08
17,9.3915e-09
17,9.3915e-09
17,9.3915e-09
17,9.3915e-09
17,9.3915e-09
17,9.3915e-09
17,9.3915e-09
17,2.30607e-09
17,1.2039e-09
17,1.2039e-09
17,1.2039e-09
17,1.2039e-09
17,1.2039e-09
17,1.2039e-09
17,1.2039e-09
17,1.2039e-09
17,7.96874e-10
17,7.96874e-10
17,7.96874e-10
17,7.96874e-10
17,5.73667e-10
17,5.73667e-10
17,5.73667e-10
17,5.73667e-10
17,5.73667e-10
17,4.01329e-10
17,2.11476e-10
17,2.11476e-10
17,2.11476e-10
17,2.11476e-10
17,2.11476e-10
17,2.11476e-10
17,1.65583e-10
17,1.0513e-10
17,1.0513e-10
17,1.0513e-10
17,8.06014e-11
17,4.08598e-11
17,2.04538e-11
17,2.04538e-11
17,2.04538e-11
17,2.04538e-11
17,1.56143e-11
17,1.56143e-11
17,1.55892e-11
17,1.55892e-11
17,1.55892e-11
17,1.55892e-11
17,1.51309e-11
17,8.39794e-12
17,7.3653e-12
17,7.3653e-12
17,6.7569e-12
17,2.44467e-12
17,1.28473e-12
17,8.0036e-13
17,8.0036e-13
17,8.0036e-13
17,4.86468e-13
17,4.86468e-13
17,4.04858e-13
17,1.30455e-13
17,1.30455e-13
17,1.30455e-13
17,1.1103e-13
17,1.1103e-13
17,1.06365e-13
17,7.1872e-14
17,3.92632e-14
17,3.92632e-14
17,3.92632e-14
17,3.23956e-14
17,3.23956e-14
17,3.23956e-14
17,7.72766e-15
17,7.72766e-15
17,7.72766e-15
17,5.44521e-15
17,5.44521e-15
17,3.86401e-15
17,3.86401e-15
17,2.53698e-16
17,2.53698e-16
17,2.53698e-16
17,2.53698e-16
17,2.53698e-16
17,2.53698e-16
17,2.53698e-16
17,2.53698e-16
17,2.53698e-16
17,2.53698e-16
17,2.53698e-16
17,2.53698e-16
17,2.53698e-16
17,2.53698e-16
17,2.09169e-16
17,2.09169e-16
17,2.09169e-16
17,2.09169e-16
17,1.9999e-16
17,1.9999e-16
17,1.9999e-16
17,1.9999e-16
17,1.9999e-16
17,1.9999e-16
17,1.68461e-16
17,1.28024e-16
17,1.28024e-16
17,1.28024e-16
17,9.29334e-17
17,3.29845e-17
17,2.36169e-17
17,2.36169e-17
17,1.32344e-17
17,1.15888e-17
17,1.15888e-17
17,1.15888e-17
17,1.15888e-17
17,1.15888e-17
17,9.66212e-18
17,9.66212e-18
17,9.66212e-18
17,5.96648e-18
17,2.74617e-18
17,2.5919e-18
17,2.5919e-18
17,2.5919e-18
17,2.5919e-18
17,2.01569e-18
17,2.01569e-18
17,1.66761e-18
17,4.3377e-19
17,3.83513e-19
17,2.61995e-19
17,2.61995e-19
17,2.47225e-19
17,2.47225e-19
17,8.33397e-20
17,8.09715e-20
17,8.09715e-20
17,3.4054e-20
17,3.4054e-20
17,3.4054e-20
17,3.29205e-20
17,2.29072e-20
17,9.59631e-21
17,9.59631e-21
17,8.56689e-21
17,3.93348e-21
17,3.93348e-21
17,2.78565e-21
17,1.98354e-21
17,1.98354e-21
17,1.98354e-21
17,1.95231e-21
17,1.95231e-21
17,1.95231e-21
17,7.8981e-22
17,3.70412e-22
17,2.91485e-22
17,2.91485e-22
17,2.4465e-22
17,2.4465e-22
17,2.33654e-22
17,2.33654e-22
17,1.77286e-22
17,1.77286e-22
17,1.33056e-22
17,1.12574e-22
17,5.96586e-23
17,5.96586e-23
17,4.66549e-23
17,4.66549e-23
17,4.66549e-23
17,4.66549e-23
17,4.66549e-23
17,4.06128e-23
17,4.06128e-23
17,4.05572e-23
17,2.18829e-23
17,2.18829e-23
17,2.18829e-23
17,1.1627e-23
17,1.1627e-23
17,1.1627e-23
17,1.1627e-23
17,9.77462e-25
17,9.77462e-25
17,9.77462e-25
17,9.77462e-25
17,9.77462e-25
17,9.77462e-25
17,9.77462e-25
17,9.77462e-25
17,9.77462e-25
17,9.77462e-25
17,9.77462e-25
17,9.77462e-25
17,9.77462e-25
17,4.21701e-25
17,4.21701e-25
17,4.21701e-25
17,4.10635e-25
17,1.41486e-25
17,1.41486e-25
17,1.41486e-25
17,1.41486e-25
17,1.41486e-25
17,1.17111e-25
17,9.04881e-26
17,9.04881e-26
17,9.04881e-26
17,4.23683e-26
17,4.23683e-26
17,1.97007e-26
17,1.97007e-26
17,1.97007e-26
17,1.97007e-26
17,1.97007e-26
17,1.97007e-26
17,5.68415e-27
17,5.68415e-27
17,5.68415e-27
17,5.68415e-27
17,2.8877e-27
17,2.8877e-27
17,2.8877e-27
17,2.8877e-27
17,1.20854e-27
17,1.20854e-27
17,1.20854e-27
17,1.20854e-27
17,1.20854e-27
17,1.20854e-27
17,1.20854e-27
17,5.93497e-28
17,5.93497e-28
17,5.93497e-28
17,5.93497e-28
17,5.93497e-28
17,3.16898e-28
17,3.16898e-28
17,3.16898e-28
17,3.14123e-28
17,9.83114e-29
17,9.83114e-29
17,5.1265e-29
17,5.1265e-29
17,5.1265e-29
17,5.1265e-29
17,1.34844e-29
17,1.34844e-29
17,1.34844e-29
17,1.34844e-29
17,1.34844e-29
17,1.34844e-29
17,1.34844e-29
17,6.35773e-30
17,6.35773e-30
17,6.35773e-30
17,6.35773e-30
17,6.35773e-30
17,2.80309e-30
17,2.80309e-30
17,2.80309e-30
17,2.80309e-30
17,2.59671e-30
17,8.17007e-31
17,8.1182e-31
17,8.1182e-31
17,8.1182e-31
17,4.13409e-31
17,1.63904e-31
17,6.43014e-32
17,6.43014e-32
17,6.43014e-32
17,6.43014e-32
17,6.43014e-32
17,1.49976e-32
17,1.49976e-32
17,1.49976e-32
17,1.49976e-32
17,1.49976e-32
17,1.49976e-32
17,1.49976e-32
17,1.49976e-32
17,1.49976e-32
17,1.49976e-32
17,1.49976e-32
17,1.49976e-32
17,1.49976e-32
17,1.49976e-32
17,1.49976e-32
17,1.49976e-32
17,1.49976e-32
17,1.49976e-32
17,1.49976e-32
17,1.49976e-32
17,1.49976e-32
17,1.49976e-32
17,1.49976e-32
17,1.49976e-32
17,1.49976e-32
17,1.49976e-32
17,1.49976e-32
17,1.49976e-32
17,1.49976e-32
17,1.49976e-32
17,1.49976e-32
17,1.49976e-32
17,1.49976e-32
17,1.49976e-32
17,1.49976e-32
17,1.49976e-32
17,1.49976e-32
17,1.49976e-32
17,1.49976e-32
17,1.49976e-32
17,1.49976e-32
17,1.49976e-32
17,1.49976e-32
17,1.49976e-32
17,1.49976e-32
17,1.49976e-32
17,1.49976e-32
17,1.49976e-32
17,1.49976e-32
17,1.49976e-32
17,1.49976e-32
17,1.49976e-32
17,1.49976e-32
17,1.49976e-32
17,1.49976e-32
17,1.49976e-32
17,1.49976e-32
17,1.49976e-32
17,1.49976e-32
17,1.49976e-32
17,1.49976e-32
17,1.49976e-32
17,1.49976e-32
17,1.49976e-32
17,1.49976e-32
17,1.49976e-32
17,1.49976e-32
17,1.49976e-32
17,1.49976e-32
17,1.49976e-32
17,1.49976e-32
17,1.49976e-32
17,1.49976e-32
17,1.49976e-32
17,1.49976e-32
17,1.49976e-32
17,1.49976e-32
17,1.49976e-32
17,1.49976e-32
17,1.49976e-32
17,1.49976e-32
17,1.49976e-32
17,1.49976e-32
17,1.49976e-32
17,1.49976e-32
17,1.49976e-32
17,1.49976e-32
17,1.49976e-32
17,1.49976e-32
17,1.49976e-32
17,1.49976e-32
17,1.49976e-32
17,1.49976e-32
17,1.49976e-32
17,1.49976e-32
17,1.49976e-32
17,1.49976e-32
17,1.49976e-32
17,1.49976e-32
17,1.49976e-32
17,1.49976e-32
17,1.49976e-32
17,1.49976e-32
17,1.49976e-32
17,1.49976e-32
17,1.49976e-32
17,1.49976e-32
17,1.49976e-32
17,1.49976e-32
17,1.49976e-32
17,1.49976e-32
17,1.49976e-32
17,1.49976e-32
17,1.49976e-32
17,1.49976e-32
17,1.49976e-32
17,1.49976e-32
17,1.49976e-32
17,1.49976e-32
17,1.49976e-32
17,1.49976e-32
17,1.49976e-32
17,1.49976e-32
17,1.49976e-32
17,1.49976e-32
17,1.49976e-32
17,1.49976e-32
17,1.49976e-32
17,1.49976e-32
17,1.49976e-32
17,1.49976e-32
17,1.49976e-32
17,1.49976e-32
17,1.49976e-32
17,1.49976e-32
17,1.49976e-32
17,1.49976e-32
17,1.49976e-32
17,1.49976e-32
17,1.49976e-32
17,1.49976e-32
17,1.49976e-32
17,1.49976e-32
18,1.20938
18,1.20938
18,1.14558
18,0.40113
18,0.304206
18,0.152184
18,0.136472
18,0.052177
18,0.052177
18,0.052177
18,0.052177
18,0.052177
18,0.052177
18,0.052177
18,0.0353112
18,0.0292369
18,0.0292369
18,0.0236503
18,0.0194395
18,0.00931314
18,0.00931314
18,0.00931314
18,0.00931314
18,0.004971
18,0.004971
18,0.00200177
18,0.00200177
18,0.00191545
18,0.00191545
18,0.00141779
18,0.00141779
18,0.00141779
18,0.00141779
18,0.00130611
18,0.00130611
18,0.000692315
18,0.000580864
18,0.000580864
18,0.000221906
18,0.000169011
18,0.000169011
18,0.000169011
18,0.000154035
18,0.000154035
18,4.02456e-05
18,4.02456e-05
18,4.02456e-05
18,4.02456e-05
18,4.02456e-05
18,3.88982e-05
18,1.31192e-05
18,1.31192e-05
18,1.31192e-05
18,1.31192e-05
18,1.31192e-05
18,1.31192e-05
18,1.31192e-05
18,1.31192e-05
18,9.72445e-06
18,9.72445e-06
18,7.84967e-06
18,7.51266e-06
18,3.72813e-06
18,3.72813e-06
18,3.72813e-06
18,3.4578e-06
18,2.78338e-06
18,1.21208e-06
18,1.1913e-06
18,1.1913e-06
18,8.73186e-07
18,6.53308e-07
18,6.53308e-07
18,6.53308e-07
18,4.82868e-07
18,4.82868e-07
18,4.82868e-07
18,4.05083e-07
18,4.05083e-07
18,1.61773e-07
18,1.44205e-07
18,1.44205e-07
18,1.11546e-07
18,1.11546e-07
18,1.11546e-07
18,2.17833e-08
18,2.17833e-08
18,2.17833e-08
18,2.17833e-08
18,2.17833e-08
18,2.17833e-08
18,2.17833e-08
18,2.17833e-08
18,2.17833e-08
18,9.99992e-09
18,9.99992e-09
18,3.40345e-09
18,3.40345e-09
18,3.40345e-09
18,3.40345e-09
18,3.40345e-09
18,3.40345e-09
18,3.40345e-09
18,3.40345e-09
18,3.40345e-09
18,2.79601e-09
18,2.35298e-09
18,1.34527e-09
18,1.32798e-09
18,9.46417e-10
18,6.97287e-10
18,6.97287e-10
18,6.97287e-10
18,6.09631e-10
18,6.09631e-10
18,1.5248e-10
18,1.5248e-10
18,1.5248e-10
18,1.5248e-10
18,1.5248e-10
18,1.19741e-10
18,1.19741e-10
18,6.92982e-11
18,2.18426e-11
18,2.18426e-11
18,2.18426e-11
18,2.18426e-11
18,2.18426e-11
18,2.18426e-11
18,2.18426e-11
18,8.39931e-12
18,8.39931e-12
18,8.39931e-12
18,8.39931e-12
18,8.39931e-12
18,6.75998e-12
18,5.67435e-12
18,5.67435e-12
18,3.96021e-12
18,3.96021e-12
18,3.82084e-12
18,2.29482e-12
18,2.27032e-12
18,2.27032e-12
18,1.02057e-12
18,1.02057e-12
18,1.02057e-12
18,6.14703e-13
18,2.52849e-13
18,2.52849e-13
18,2.52849e-13
18,2.20259e-13
18,2.20259e-13
18,2.20259e-13
18,2.20259e-13
18,2.20259e-13
18,2.20259e-13
18,1.83813e-13
18,1.83813e-13
18,1.83813e-13
18,1.83813e-13
18,1.83813e-13
18,1.25397e-13
18,6.18975e-14
18,5.39095e-14
18,5.39095e-14
18,3.77649e-14
18,3.77649e-14
18,3.77649e-14
18,1.42892e-14
18,9.17983e-15
18,8.11338e-15
18,7.64252e-15
18,7.64252e-15
18,6.60389e-15
18,2.15418e-15
18,7.83488e-16
18,7.83488e-16
18,7.83488e-16
18,7.83488e-16
18,4.32391e-16
18,4.32391e-16
18,4.32391e-16
18,4.32391e-16
18,4.32391e-16
18,4.32391e-16
18,4.5989e-17
18,4.5989e-17
18,4.5989e-17
18,4.5989e-17
18,4.5989e-17
18,4.5989e-17
18,4.5989e-17
18,4.5989e-17
18,4.5989e-17
18,1.51397e-17
18,1.51397e-17
18,1.51397e-17
18,1.22491e-18
18,1.22491e-18
18,1.22491e-18
18,1.22491e-18
18,1.22491e-18
18,1.22491e-18
18,1.22491e-18
18,1.22491e-18
18,1.22491e-18
18,1.22491e-18
18,1.22491e-18
18,1.22491e-18
18,1.00171e-18
18,1.00171e-18
18,1.00171e-18
18,7.47559e-19
18,4.82104e-19
18,4.82104e-19
18,4.82104e-19
18,1.17792e-19
18,1.17792e-19
18,1.13376e-19
18,1.13376e-19
18,9.54854e-20
18,9.54854e-20
18,9.54854e-20
18,9.54854e-20
18,9.54854e-20
18,6.36614e-20
18,5.99026e-20
18,5.99026e-20
18,5.31945e-20
18,5.31945e-20
18,5.31945e-20
18,2.11044e-20
18,2.11044e-20
18,1.80568e-20
18,1.80568e-20
18,1.1103e-20
18,1.1103e-20
18,1.1103e-20
18,1.1103e-20
18,9.04287e-21
18,9.04287e-21
18,8.42628e-21
18,8.42628e-21
18,8.42628e-21
18,5.80558e-21
18,5.80558e-21
18,2.0925e-21
18,2.0925e-21
18,2.0925e-21
18,2.0925e-21
18,2.0925e-21
18,2.0925e-21
18,2.0925e-21
18,2.0925e-21
18,1.75949e-21
18,1.64357e-21
18,1.64357e-21
18,1.64357e-21
18,1.64357e-21
18,3.26658e-22
18,1.76963e-22
18,1.76963e-22
18,1.76963e-22
18,1.59661e-22
18,1.59661e-22
18,1.10065e-22
18,1.10065e-22
18,1.03446e-22
18,8.46784e-23
18,4.30874e-23
18,4.30874e-23
18,4.30874e-23
18,4.30874e-23
18,4.29234e-23
18,3.61715e-23
18,2.72958e-23
18,2.72958e-23
18,2.17046e-23
18,9.65746e-24
18,8.50669e-24
18,8.50669e-24
18,8.50669e-24
18,8.50669e-24
18,6.7026e-24
18,6.04011e-24
18,6.04011e-24
18,5.56123e-24
18,5.56123e-24
18,5.00672e-24
18,4.36341e-24
18,2.70308e-24
18,2.70308e-24
18,7.7945e-25
18,7.7945e-25
18,7.7945e-25
18,6.93144e-25
18,5.20517e-25
18,5.20517e-25
18,4.40555e-25
18,4.40555e-25
18,4.40555e-25
18,4.40555e-25
18,2.3665e-25
18,1.69033e-25
18,1.69033e-25
18,1.01504e-25
18,8.6215e-26
18,5.23077e-26
18,2.57565e-26
18,1.27856e-26
18,1.12254e-26
18,1.12254e-26
18,1.12254e-26
18,1.12254e-26
18,1.12254e-26
18,1.12254e-26
18,3.88604e-27
18,3.88604e-27
18,2.24583e-27
18,1.37649e-27
18,1.37649e-27
18,1.37649e-27
18,1.29e-27
18,6.89535e-28
18,6.89535e-28
18,6.89535e-28
18,3.59788e-28
18,3.59788e-28
18,3.59788e-28
18,3.59788e-28
18,3.31837e-28
18,3.31837e-28
18,2.46928e-28
18,2.46928e-28
18,2.46928e-28
18,2.41511e-28
18,2.03793e-28
18,1.73166e-28
18,1.41507e-28
18,4.71651e-29
18,3.29667e-29
18,3.29667e-29
18,3.29667e-29
18,3.29667e-29
18,4.99314e-30
18,4.99314e-30
18,4.99314e-30
18,4.99314e-30
18,4.99314e-30
18,3.8969e-30
18,2.86036e-30
18,2.86036e-30
18,2.10666e-30
18,2.10666e-30
18,2.10666e-30
18,2.10666e-30
18,2.10666e-30
18,2.10666e-30
18,2.00705e-30
18,1.60864e-30
18,1.60864e-30
18,1.60864e-30
18,1.60864e-30
18,5.24342e-31
18,5.24342e-31
18,5.24342e-31
18,5.24342e-31
18,5.24342e-31
18,5.24342e-31
18,5.24342e-31
18,4.62712e-31
18,4.62712e-31
18,4.62712e-31
18,4.62712e-31
18,6.43014e-32
18,6.43014e-32
18,6.43014e-32
18,6.43014e-32
18,6.43014e-32
18,2.73235e-32
18,1.49976e-32
18,1.49976e-32
18,1.49976e-32
18,1.49976e-32
18,1.49976e-32
18,1.49976e-32
18,1.49976e-32
18,1.49976e-32
18,1.49976e-32
18,1.49976e-32
18,1.49976e-32
18,1.49976e-32
18,1.49976e-32
18,1.49976e-32
18,1.49976e-32
18,1.49976e-32
18,1.49976e-32
18,1.49976e-32
18,1.49976e-32
18,1.49976e-32
18,1.49976e-32
18,1.49976e-32
18,1.49976e-32
18,1.49976e-32
18,1.49976e-32
18,1.49976e-32
18,1.49976e-32
18,1.49976e-32
18,1.49976e-32
18,1.49976e-32
18,1.49976e-32
18,1.49976e-32
18,1.49976e-32
18,1.49976e-32
18,1.49976e-32
18,1.49976e-32
18,1.49976e-32
18,1.49976e-32
18,1.49976e-32
18,1.49976e-32
18,1.49976e-32
18,1.49976e-32
18,1.49976e-32
18,1.49976e-32
18,1.49976e-32
18,1.49976e-32
18,1.49976e-32
18,1.49976e-32
18,1.49976e-32
18,1.49976e-32
18,1.49976e-32
18,1.49976e-32
18,1.49976e-32
18,1.49976e-32
18,1.49976e-32
18,1.49976e-32
18,1.49976e-32
18,1.49976e-32
18,1.49976e-32
18,1.49976e-32
18,1.49976e-32
18,1.49976e-32
18,1.49976e-32
18,1.49976e-32
18,1.49976e-32
18,1.49976e-32
18,1.49976e-32
18,1.49976e-32
18,1.49976e-32
18,1.49976e-32
18,1.49976e-32
18,1.49976e-32
18,1.49976e-32
18,1.49976e-32
18,1.49976e-32
18,1.49976e-32
18,1.49976e-32
18,1.49976e-32
18,1.49976e-32
18,1.49976e-32
18,1.49976e-32
18,1.49976e-32
18,1.49976e-32
18,1.49976e-32
18,1.49976e-32
18,1.49976e-32
18,1.49976e-32
18,1.49976e-32
18,1.49976e-32
18,1.49976e-32
18,1.49976e-32
18,1.49976e-32
18,1.49976e-32
18,1.49976e-32
18,1.49976e-32
18,1.49976e-32
18,1.49976e-32
18,1.49976e-32
18,1.49976e-32
18,1.49976e-32
18,1.49976e-32
18,1.49976e-32
18,1.49976e-32
18,1.49976e-32
18,1.49976e-32
18,1.49976e-32
18,1.49976e-32
18,1.49976e-32
18,1.49976e-32
18,1.49976e-32
18,1.49976e-32
18,1.49976e-32
18,1.49976e-32
18,1.49976e-32
18,1.49976e-32
18,1.49976e-32
18,1.49976e-32
18,1.49976e-32
18,1.49976e-32
19,0.440737
19,0.440737
19,0.440737
19,0.249681
19,0.191444
19,0.191444
19,0.191444
19,0.191444
19,0.17917
19,0.17917
19,0.116956
19,0.116956
19,0.116956
19,0.116956
19,0.116956
19,0.102723
19,0.00728186
19,0.00728186
19,0.00728186
19,0.00728186
19,0.00728186
19,0.00728186
19,0.00728186
19,0.00728186
19,0.00728186
19,0.00728186
19,0.00728186
19,0.00728186
19,0.00505399
19,0.00505399
19,0.00139793
19,0.000348122
19,0.000348122
19,0.000167691
19,0.000167691
19,0.000167691
19,0.000167691
19,0.000167691
19,0.000167691
19,0.000137028
19,4.59273e-05
19,4.59273e-05
19,4.59273e-05
19,4.59273e-05
19,4.59273e-05
19,4.59273e-05
19,2.27749e-05
19,1.71629e-05
19,1.71629e-05
19,1.71629e-05
19,1.45918e-05
19,1.45918e-05
19,1.45918e-05
19,4.84066e-06
19,3.13085e-06
19,3.13085e-06
19,3.13085e-06
19,3.13085e-06
19,3.13085e-06
19,3.13085e-06
19,3.13085e-06
19,1.40958e-06
19,1.40958e-06
19,1.40958e-06
19,9.79036e-07
19,9.79036e-07
19,9.43693e-07
19,8.95144e-07
19,8.81438e-07
19,8.42299e-07
19,8.42299e-07
19,7.66302e-07
19,4.06948e-07
19,4.06948e-07
19,4.06948e-07
19,3.41049e-07
19,2.13387e-07
19,1.31581e-07
19,1.31581e-07
19,9.46009e-08
19,8.76594e-08
19,2.98325e-08
19,2.91449e-08
19,1.51102e-08
19,7.31617e-09
19,7.31617e-09
19,3.71676e-09
19,3.71676e-09
19,3.3328e-09
19,3.24087e-09
19,3.24087e-09
19,2.82439e-09
19,2.82439e-09
19,2.79744e-09
19,2.64644e-09
19,1.55947e-09
19,1.55947e-09
19,1.51026e-09
19,1.418e-09
19,1.36621e-09
19,1.33622e-09
19,1.25525e-09
19,7.40605e-10
19,7.40605e-10
19,5.50135e-10
19,3.68362e-10
19,2.12661e-10
19,2.12661e-10
19,2.12661e-10
19,1.60869e-10
19,1.60869e-10
19,1.60869e-10
19,1.18549e-10
19,7.79145e-11
19,7.79145e-11
19,7.34737e-11
19,7.34737e-11
19,7.34737e-11
19,7.34737e-11
19,7.34737e-11
19,7.34737e-11
19,7.34737e-11
19,1.01783e-11
19,1.01783e-11
19,8.75322e-12
19,8.75322e-12
19,8.75322e-12
19,8.75322e-12
19,8.75322e-12
19,5.06649e-12
19,5.06649e-12
19,5.06649e-12
19,5.06649e-12
19,5.06649e-12
19,4.94152e-12
19,4.94152e-12
19,4.44359e-12
19,4.44359e-12
19,2.41289e-12
19,1.13717e-12
19,4.48289e-13
19,4.48289e-13
19,4.48289e-13
19,4.48289e-13
19,4.48289e-13
19,4.48289e-13
19,4.48289e-13
19,4.48289e-13
19,3.74809e-13
19,2.44831e-13
19,2.44831e-13
19,6.63957e-14
19,6.63957e-14
19,6.63957e-14
19,6.63957e-14
19,6.63957e-14
19,6.63957e-14
19,6.63957e-14
19,5.61352e-14
19,5.5707e-14
19,4.34242e-14
19,4.34242e-14
19,3.18286e-14
19,3.18286e-14
19,2.88052e-14
19,2.88052e-14
19,2.88052e-14
19,9.17111e-15
19,8.48538e-15
19,7.50464e-15
19,2.25207e-15
19,1.27292e-15
19,1.27292e-15
19,1.27292e-15
19,1.27292e-15
19,1.27292e-15
19,1.27292e-15
19,1.27292e-15
19,8.01038e-16
19,8.01038e-16
19,8.01038e-16
19,1.15676e-16
19,1.15676e-16
19,1.15676e-16
19,1.15676e-16
19,1.15676e-16
19,1.15676e-16
19,1.15676e-16
19,7.03534e-17
19,7.03534e-17
19,7.03534e-17
19,7.03534e-17
19,7.03534e-17
19,7.03534e-17
19,7.03534e-17
19,5.70253e-17
19,1.78057e-17
19,1.4662e-17
19,1.4662e-17
19,1.10938e-17
19,1.10938e-17
19,1.10938e-17
19,8.52418e-18
19,8.52418e-18
19,8.2418e-18
19,8.2418e-18
19,8.2418e-18
19,8.2418e-18
19,5.72128e-18
19,2.7465e-18
19,1.13695e-18
19,1.13695e-18
19,8.42381e-19
19,8.42381e-19
19,8.42381e-19
19,8.42381e-19
19,6.39781e-19
19,6.39781e-19
19,4.16736e-19
19,4.16736e-19
19,4.16736e-19
19,3.31544e-19
19,3.31544e-19
19,3.31544e-19
19,3.31544e-19
19,3.31544e-19
19,3.26639e-19
19,7.1339e-20
19,7.1339e-20
19,7.1339e-20
19,7.1339e-20
19,7.1339e-20
19,7.1339e-20
19,3.40259e-20
19,3.40259e-20
19,3.40259e-20
19,3.40259e-20
19,3.40259e-20
19,6.98861e-21
19,6.98861e-21
19,6.98861e-21
19,6.98861e-21
19,4.25817e-21
19,4.25817e-21
19,4.25817e-21
19,4.25817e-21
19,4.25817e-21
19,2.89784e-21
19,2.89784e-21
19,2.89784e-21
19,2.89784e-21
19,2.00093e-21
19,2.00093e-21
19,2.00093e-21
19,2.00093e-21
19,1.41805e-21
19,1.41805e-21
19,1.2613e-22
19,1.2613e-22
19,1.2613e-22
19,1.2613e-22
19,1.2613e-22
19,1.2613e-22
19,1.2613e-22
19,1.2613e-22
19,7.01678e-23
19,7.01678e-23
19,3.69709e-23
19,3.69709e-23
19,3.36668e-23
19,3.36668e-23
19,3.36668e-23
19,2.51051e-23
19,2.51051e-23
19,2.51051e-23
19,2.38031e-23
19,7.18897e-24
19,3.35055e-24
19,3.35055e-24
19,3.35055e-24
19,1.85463e-24
19,1.85463e-24
19,1.85463e-24
19,1.85463e-24
19,1.57874e-24
19,1.57874e-24
19,7.01226e-25
19,7.01226e-25
19,7.01226e-25
19,5.42121e-25
19,1.78749e-25
19,1.78749e-25
19,1.78749e-25
19,1.78749e-25
19,1.7677e-25
19,5.06484e-26
19,5.06484e-26
19,5.06484e-26
19,4.90065e-26
19,4.90065e-26
19,4.90065e-26
19,1.78516e-26
19,1.61268e-26
19,1.61268e-26
19,9.46046e-27
19,8.26036e-27
19,6.70752e-27
19,6.70752e-27
19,5.68921e-27
19,3.37627e-27
19,3.37627e-27
19,3.37627e-27
19,3.37627e-27
19,3.37627e-27
19,3.37627e-27
19,2.8979e-27
19,2.61707e-27
19,2.51626e-27
19,2.46076e-27
19,5.82329e-28
19,3.83655e-28
19,3.83655e-28
19,2.71801e-28
19,2.06883e-28
19,2.06883e-28
19,2.06883e-28
19,2.06883e-28
19,1.92676e-28
19,1.55966e-28
19,1.41565e-28
19,1.3312e-28
19,1.27396e-28
19,7.5726e-29
19,7.5726e-29
19,6.13651e-29
19,6.13651e-29
19,6.13651e-29
19,6.13651e-29
19,1.14332e-29
19,1.14332e-29
19,4.68827e-30
19,4.68827e-30
19,4.68827e-30
19,4.68827e-30
19,4.68827e-30
19,4.68827e-30
19,4.68827e-30
19,4.68827e-30
19,4.68827e-30
19,4.68827e-30
19,2.81494e-30
19,2.71534e-30
19,2.2716e-30
19,2.2716e-30
19,2.04441e-30
19,1.24759e-30
19,3.11816e-31
19,3.11816e-31
19,3.11816e-31
19,3.11816e-31
19,3.11816e-31
19,3.11816e-31
19,3.11816e-31
19,3.11816e-31
19,2.12213e-31
19,2.12213e-31
19,1.25931e-31
19,1.25931e-31
19,1.25931e-31
19,6.43014e-32
19,6.43014e-32
19,6.43014e-32
19,2.73235e-32
19,2.73235e-32
19,2.73235e-32
19,2.73235e-32
19,2.73235e-32
19,2.73235e-32
19,2.73235e-32
19,2.73235e-32
19,2.73235e-32
19,2.73235e-32
19,2.73235e-32
19,2.73235e-32
19,2.73235e-32
19,2.73235e-32
19,2.73235e-32
19,1.49976e-32
19,1.49976e-32
19,1.49976e-32
19,1.49976e-32
19,1.49976e-32
19,1.49976e-32
19,1.49976e-32
19,1.49976e-32
19,1.49976e-32
19,1.49976e-32
19,1.49976e-32
19,1.49976e-32
19,1.49976e-32
19,1.49976e-32
19,1.49976e-32
19,1.49976e-32
19,1.49976e-32
19,1.49976e-32
19,1.49976e-32
19,1.49976e-32
19,1.49976e-32
19,1.49976e-32
19,1.49976e-32
19,1.49976e-32
19,1.49976e-32
19,1.49976e-32
19,1.49976e-32
19,1.49976e-32
19,1.49976e-32
19,1.49976e-32
19,1.49976e-32
19,1.49976e-32
19,1.49976e-32
19,1.49976e-32
19,1.49976e-32
19,1.49976e-32
19,1.49976e-32
19,1.49976e-32
19,1.49976e-32
19,1.49976e-32
19,1.49976e-32
19,1.49976e-32
19,1.49976e-32
19,1.49976e-32
19,1.49976e-32
19,1.49976e-32
19,1.49976e-32
19,1.49976e-32
19,1.49976e-32
19,1.49976e-32
19,1.49976e-32
19,1.49976e-32
19,1.49976e-32
19,1.49976e-32
19,1.49976e-32
19,1.49976e-32
19,1.49976e-32
19,1.49976e-32
19,1.49976e-32
19,1.49976e-32
19,1.49976e-32
19,1.49976e-32
19,1.49976e-32
19,1.49976e-32
19,1.49976e-32
19,1.49976e-32
19,1.49976e-32
19,1.49976e-32
19,1.49976e-32
19,1.49976e-32
19,1.49976e-32
19,1.49976e-32
19,1.49976e-32
19,1.49976e-32
19,1.49976e-32
19,1.49976e-32
19,1.49976e-32
19,1.49976e-32
19,1.49976e-32
19,1.49976e-32
19,1.49976e-32
19,1.49976e-32
19,1.49976e-32
19,1.49976e-32
19,1.49976e-32
19,1.49976e-32
19,1.49976e-32
19,1.49976e-32
19,1.49976e-32
19,1.49976e-32
19,1.49976e-32
19,1.49976e-32
19,1.49976e-32
19,1.49976e-32
19,1.49976e-32
19,1.49976e-32
19,1.49976e-32
19,1.49976e-32
19,1.49976e-32
19,1.49976e-32
19,1.49976e-32
19,1.49976e-32
19,1.49976e-32
19,1.49976e-32
19,1.49976e-32
19,1.49976e-32
19,1.49976e-32
19,1.49976e-32
19,1.49976e-32
19,1.49976e-32
19,1.49976e-32
19,1.49976e-32
19,1.49976e-32
